phi,psi,end_state,energy,caspt2_energy,ms_caspt2_energy,config,coeff,weight,dipole moment,start_state,caspt2_energy_difference_ev,ms_caspt2_energy_difference_ev,dx_debyes,dy_debyes,dz_debyes,totald_debyes,transition,energy_difference_eV
0,0,2,-453.721,-455.151,-455.156,222u22d0,0.952,0.906,4.191,1,5.981,5.971,0.064,0.021,-0.139,0.155,n_to_pi_*_R,5.959296599999839
0,0,3,-453.709,-455.155,-455.151,22u2220d,0.948,0.899,4.171,1,5.876,6.097,0.027,0.003,-0.22,0.221,n_to_pi_*_L,6.285833399999852
0,0,4,-453.634,-455.131,-455.135,2u22220d,-0.753,0.567,2.307,1,6.524,6.525,-2.096,-0.775,-0.266,2.251,pi_nb_to_pi_*_L,8.326688399999542
0,0,6,-453.61,-455.107,-455.088,22222ud0,-0.553,0.306,4.316,1,7.194,7.809,3.751,0.644,0.571,3.848,pi_nb_to_pi_*_R,8.979761999999567
0,0,7,-453.606,-455.107,-455.083,22222ud0,0.606,0.367,3.748,1,7.198,7.934,-3.646,-1.026,-0.624,3.839,pi_nb_to_pi_*_R,9.088607600000087
0,270,2,-453.747,-455.166,-455.166,2222u2d0,0.936,0.877,3.5,1,5.558,5.642,-0.262,0.043,-0.124,0.293,n_to_pi_*_R,5.578336999999567
0,270,3,-453.741,-455.161,-455.161,22222u0d,0.926,0.858,3.46,1,5.68,5.771,0.016,-0.004,0.164,0.165,n_to_pi_*_L,5.7416054000003465
0,270,4,-453.631,-455.117,-455.125,222u220d,0.836,0.699,6.426,1,6.879,6.747,0.013,0.079,-3.712,3.713,pi_nb_to_pi_*_L,8.734859400000719
0,270,5,-453.622,-455.126,-455.118,22u222d0,0.857,0.735,6.454,1,6.649,6.95,-3.521,1.331,-0.42,3.788,pi_nb_to_pi_*_R,8.979761999999567
0,285,2,-453.747,-455.167,-455.167,2222u2d0,0.938,0.88,3.65,1,5.527,5.584,0.285,-0.017,0.079,0.296,n_to_pi_*_R,5.55112560000021
0,285,3,-453.737,-455.161,-455.162,22u2220d,-0.904,0.816,3.653,1,5.67,5.734,0.021,0.012,0.181,0.182,n_to_pi_*_L,5.8232395999999635
0,285,4,-453.63,-455.117,-455.128,222u220d,0.838,0.703,6.345,1,6.875,6.64,1.698,0.139,3.425,3.825,pi_nb_to_pi_*_L,8.734859400000719
0,285,5,-453.625,-455.128,-455.116,22222ud0,0.858,0.737,6.683,1,6.566,6.982,3.58,-1.213,-0.649,3.835,pi_nb_to_pi_*_R,8.870916400000594
0,300,2,-453.745,-455.17,-455.171,2222u2d0,-0.946,0.894,3.841,1,5.42,5.454,-0.325,0.05,-0.074,0.337,n_to_pi_*_R,5.442279999999691
0,300,3,-453.722,-455.161,-455.161,22u2220d,0.883,0.779,3.405,1,5.672,5.72,-0.093,-0.103,-0.22,0.261,n_to_pi_*_L,6.068142200000359
0,300,4,-453.637,-455.13,-455.135,222u220d,0.75,0.562,4.418,1,6.498,6.421,-2.966,-0.389,-2.84,4.125,pi_nb_to_pi_*_L,8.381111199999802
0,300,5,-453.625,-455.128,-455.125,22222ud0,0.771,0.595,4.102,1,6.56,6.689,2.917,-0.668,-1.003,3.157,pi_nb_to_pi_*_R,8.707647999999814
0,315,2,-453.737,-455.165,-455.166,2222u2d0,-0.953,0.908,4.106,1,5.565,5.608,-0.28,0.063,0.01,0.287,n_to_pi_*_R,5.578336999999567
0,315,3,-453.715,-455.158,-455.158,22u2220d,-0.934,0.871,3.62,1,5.764,5.817,-0.088,-0.091,-0.209,0.245,n_to_pi_*_L,6.176987800000878
0,315,4,-453.638,-455.135,-455.14,222u220d,-0.739,0.546,3.398,1,6.4,6.318,0.221,0.119,0.764,0.804,pi_nb_to_pi_*_L,8.272265600000829
0,315,6,-453.619,-455.129,-455.082,22222ud0,0.768,0.59,4.37,1,6.548,7.883,-4.51,-0.767,-2.342,5.139,pi_nb_to_pi_*_R,8.78928219999943
0,330,2,-453.729,-455.159,-455.159,22222ud0,-0.954,0.911,4.225,1,5.763,5.81,-0.191,0.067,0.089,0.221,pi_nb_to_pi_*_R,5.7416054000003465
0,330,3,-453.71,-455.156,-455.156,22u2220d,-0.942,0.887,3.899,1,5.854,5.907,-0.05,-0.041,-0.207,0.217,n_to_pi_*_L,6.2586220000004955
0,330,4,-453.637,-455.134,-455.139,222u220d,-0.709,0.503,2.556,1,6.435,6.366,1.639,0.46,-0.085,1.705,pi_nb_to_pi_*_L,8.245054199999926
0,330,6,-453.614,-455.126,-455.085,2222u2d0,-0.813,0.661,4.493,1,6.659,7.831,4.971,1.08,1.629,5.341,n_to_pi_*_R,8.870916400000594
0,345,2,-453.716,-455.149,-455.153,2222u2d0,-0.952,0.906,4.424,1,6.004,5.924,0.095,-0.013,-0.124,0.156,n_to_pi_*_R,5.986507999999196
0,345,3,-453.705,-455.153,-455.148,22u2220d,0.943,0.889,4.139,1,5.889,6.059,0.009,-0.024,0.214,0.216,n_to_pi_*_L,6.285833399999852
0,345,5,-453.629,-455.113,-455.114,222u220d,-0.699,0.489,3.247,1,6.973,7.001,0.686,-0.927,-0.296,1.19,pi_nb_to_pi_*_L,8.3538997999989
0,345,7,-453.603,-455.116,-455.071,22222ud0,0.846,0.716,5.04,1,6.897,8.156,-5.041,-1.32,-1.618,5.456,pi_nb_to_pi_*_R,9.061396199999184
15,0,2,-453.719,-455.151,-455.157,2222u2d0,-0.958,0.918,4.336,1,5.964,5.857,0.16,-0.042,0.114,0.2,n_to_pi_*_R,5.959296599999839
15,0,3,-453.71,-455.157,-455.151,22u2220d,0.942,0.887,4.131,1,5.79,6.026,0.068,0.042,-0.145,0.166,n_to_pi_*_L,6.204199200000235
15,0,4,-453.638,-455.117,-455.131,222u220d,0.558,0.311,4.779,1,6.896,6.572,-1.504,0.774,-0.476,1.757,pi_nb_to_pi_*_L,8.16342000000031
15,0,5,-453.632,-455.112,-455.12,222u220d,-0.607,0.368,4.456,1,7.037,6.864,1.714,-0.225,0.666,1.853,pi_nb_to_pi_*_L,8.326688399999542
15,0,7,-453.604,-455.116,-455.083,22222ud0,0.797,0.635,2.963,1,6.925,7.883,4.371,1.618,0.241,4.667,pi_nb_to_pi_*_R,9.088607600000087
15,270,2,-453.749,-455.17,-455.171,222u22d0,0.926,0.857,3.407,1,5.485,5.533,0.314,-0.039,0.097,0.331,n_to_pi_*_R,5.523914199999307
15,270,3,-453.737,-455.164,-455.164,22u2220d,0.911,0.83,3.259,1,5.658,5.714,-0.022,0.004,-0.2,0.201,n_to_pi_*_L,5.850450999999319
15,270,4,-453.635,-455.121,-455.13,2222u20d,0.8,0.639,5.53,1,6.807,6.635,1.377,-0.85,3.353,3.724,pi_nb_to_pi_*_L,8.626013800000198
15,270,5,-453.629,-455.13,-455.121,22222ud0,0.81,0.656,5.29,1,6.58,6.874,3.444,-0.831,-0.427,3.568,pi_nb_to_pi_*_R,8.78928219999943
15,285,2,-453.748,-455.173,-455.174,2222u20d,-0.942,0.887,3.696,1,5.375,5.402,-0.349,0.05,-0.067,0.359,n_to_pi_*_R,5.4150686000003345
15,285,3,-453.725,-455.163,-455.163,22u222d0,0.886,0.785,3.167,1,5.654,5.695,0.082,0.071,0.222,0.247,n_to_pi_*_L,6.0409307999994555
15,285,4,-453.642,-455.131,-455.136,222u22d0,0.701,0.491,4.016,1,6.509,6.427,-2.492,0.467,-3.011,3.936,pi_nb_to_pi_*_L,8.299477000000186
15,285,5,-453.628,-455.13,-455.128,22222u0d,-0.783,0.613,3.577,1,6.547,6.648,2.864,-0.29,-0.724,2.968,pi_nb_to_pi_*_R,8.680436600000458
15,300,2,-453.742,-455.17,-455.17,2222u2d0,0.95,0.903,3.994,1,5.47,5.509,0.306,-0.047,-0.022,0.31,n_to_pi_*_R,5.469491399999048
15,300,3,-453.718,-455.16,-455.16,22u2220d,0.933,0.87,3.418,1,5.74,5.791,-0.069,-0.054,-0.201,0.22,n_to_pi_*_L,6.1225649999990726
15,300,4,-453.645,-455.137,-455.142,222u220d,-0.666,0.443,3.074,1,6.373,6.29,-2.4,0.073,-2.206,3.261,pi_nb_to_pi_*_L,8.108997200000049
15,300,5,-453.624,-455.118,-455.127,22222ud0,-0.679,0.461,3.086,1,6.887,6.689,2.144,-0.192,-0.865,2.32,pi_nb_to_pi_*_R,8.680436599998911
15,315,2,-453.734,-455.164,-455.164,2222u2d0,0.954,0.909,4.153,1,5.653,5.697,-0.213,0.049,0.115,0.247,n_to_pi_*_R,5.65997120000073
15,315,3,-453.713,-455.157,-455.157,22u2220d,0.942,0.886,3.761,1,5.832,5.884,0.024,-0.002,0.198,0.199,n_to_pi_*_L,6.231410599999592
15,315,4,-453.644,-455.137,-455.143,222u220d,0.636,0.404,2.429,1,6.38,6.277,-1.159,-0.38,0.16,1.231,pi_nb_to_pi_*_L,8.108997200000049
15,315,6,-453.617,-455.129,-455.085,22222ud0,0.809,0.654,4.436,1,6.586,7.85,-4.952,-0.545,-2.059,5.391,pi_nb_to_pi_*_R,8.84370499999969
15,330,2,-453.727,-455.157,-455.157,22u222d0,-0.954,0.911,4.196,1,5.854,5.897,0.106,-0.01,-0.152,0.186,n_to_pi_*_R,5.8232395999999635
15,330,3,-453.71,-455.156,-455.155,222u220d,-0.945,0.893,4.005,1,5.876,5.94,-0.033,-0.038,0.202,0.208,n_to_pi_*_L,6.285833399999852
15,330,4,-453.64,-455.134,-455.139,2222u20d,-0.669,0.447,1.969,1,6.461,6.38,-1.671,-0.581,-0.318,1.797,pi_nb_to_pi_*_L,8.190631399999667
15,330,6,-453.613,-455.124,-455.087,22222ud0,-0.821,0.674,4.409,1,6.742,7.796,-5.054,-0.705,-1.964,5.468,pi_nb_to_pi_*_R,8.925339199999307
15,345,2,-453.723,-455.154,-455.156,222u22d0,-0.951,0.905,4.413,1,5.907,5.942,-0.099,-0.015,0.132,0.166,n_to_pi_*_R,5.877662400000223
15,345,3,-453.708,-455.155,-455.154,22u2220d,-0.948,0.898,4.188,1,5.884,6.0,-0.088,-0.079,0.195,0.228,n_to_pi_*_L,6.285833399999852
15,345,4,-453.637,-455.128,-455.137,2222u20d,0.626,0.392,1.885,1,6.633,6.467,-2.142,-0.447,-0.4,2.224,pi_nb_to_pi_*_L,8.21784280000057
15,345,6,-453.61,-455.12,-455.093,22222ud0,0.746,0.557,0.8,1,6.827,7.646,-4.248,-0.962,-1.138,4.502,pi_nb_to_pi_*_R,8.95255060000021
30,0,2,-453.725,-455.155,-455.162,2222u2d0,0.96,0.921,4.286,1,5.953,5.844,0.105,-0.065,0.104,0.162,n_to_pi_*_R,5.932085199998936
30,0,3,-453.714,-455.162,-455.155,22u2220d,-0.939,0.882,4.203,1,5.763,6.038,0.128,0.116,-0.16,0.235,n_to_pi_*_L,6.231410599999592
30,0,4,-453.64,-455.125,-455.136,222u220d,-0.67,0.449,3.312,1,6.757,6.545,-0.769,0.96,-0.253,1.256,pi_nb_to_pi_*_L,8.245054199999926
30,0,7,-453.612,-455.122,-455.087,22222ud0,0.758,0.575,1.982,1,6.853,7.877,4.14,1.411,-0.37,4.39,pi_nb_to_pi_*_R,9.006973399998923
30,270,2,-453.752,-455.176,-455.177,2222u20d,0.938,0.88,3.373,1,5.407,5.431,0.355,-0.053,0.073,0.366,n_to_pi_*_R,5.4150686000003345
30,270,3,-453.732,-455.168,-455.169,222u22d0,0.936,0.876,2.964,1,5.62,5.658,0.099,0.021,0.208,0.231,n_to_pi_*_L,5.959296599999839
30,270,4,-453.648,-455.134,-455.138,22u222d0,0.713,0.509,4.12,1,6.557,6.49,-1.914,1.372,-2.838,3.688,pi_nb_to_pi_*_L,8.245054199999926
30,270,5,-453.633,-455.132,-455.133,22222u0d,-0.765,0.585,3.07,1,6.601,6.622,2.812,-0.179,-0.322,2.836,pi_nb_to_pi_*_R,8.653225200001101
30,285,2,-453.748,-455.175,-455.176,22222u0d,0.946,0.896,3.742,1,5.423,5.457,-0.333,0.028,0.007,0.334,n_to_pi_*_R,5.442279999999691
30,285,3,-453.725,-455.165,-455.166,22u222d0,-0.935,0.874,3.231,1,5.685,5.728,-0.09,-0.023,-0.184,0.206,n_to_pi_*_L,6.068142199998812
30,285,4,-453.652,-455.14,-455.145,222u22d0,-0.626,0.392,3.395,1,6.373,6.305,-2.232,0.843,-2.3,3.314,pi_nb_to_pi_*_L,8.05457439999979
30,285,5,-453.629,-455.125,-455.133,2222u20d,-0.695,0.484,2.703,1,6.778,6.615,2.171,0.012,-0.502,2.228,pi_nb_to_pi_*_R,8.680436599998911
30,300,2,-453.741,-455.17,-455.17,2222u2d0,0.953,0.908,3.978,1,5.565,5.607,0.249,0.0,-0.116,0.275,n_to_pi_*_R,5.578337000001114
30,300,3,-453.72,-455.162,-455.162,222u220d,0.941,0.885,3.612,1,5.766,5.817,0.043,-0.021,0.163,0.17,n_to_pi_*_L,6.1497763999999755
30,300,4,-453.653,-455.142,-455.148,22u2220d,-0.588,0.346,2.953,1,6.33,6.222,-0.126,-0.446,0.479,0.667,pi_nb_to_pi_*_L,7.972940200000173
30,300,6,-453.621,-455.133,-455.092,22222ud0,0.788,0.622,3.436,1,6.555,7.745,4.752,-0.172,2.3,5.282,pi_nb_to_pi_*_R,8.843705000001238
30,315,2,-453.734,-455.163,-455.164,2222u2d0,-0.956,0.914,4.121,1,5.743,5.792,-0.151,-0.015,0.164,0.223,n_to_pi_*_R,5.7416054000003465
30,315,3,-453.716,-455.161,-455.161,222u220d,-0.95,0.902,3.98,1,5.812,5.869,-0.039,-0.073,0.155,0.176,n_to_pi_*_L,6.231410599999592
30,315,4,-453.65,-455.14,-455.146,22u2220d,-0.597,0.356,2.603,1,6.377,6.274,0.901,0.446,0.2,1.025,pi_nb_to_pi_*_L,8.027363000000433
30,315,6,-453.617,-455.129,-455.094,22222ud0,0.816,0.666,4.368,1,6.67,7.689,4.997,0.003,2.38,5.535,pi_nb_to_pi_*_R,8.925339199999307
30,330,2,-453.722,-455.155,-455.158,2222u2d0,0.954,0.909,4.428,1,5.88,5.852,0.127,-0.009,-0.16,0.205,n_to_pi_*_R,5.877662400000223
30,330,3,-453.708,-455.157,-455.155,22u2220d,0.95,0.902,4.249,1,5.817,5.927,0.137,0.128,-0.15,0.24,n_to_pi_*_L,6.258621999998948
30,330,6,-453.608,-455.121,-455.101,22222ud0,-0.843,0.711,4.996,1,6.792,7.388,5.207,0.536,1.69,5.5,pi_nb_to_pi_*_R,8.979761999999567
30,345,2,-453.721,-455.153,-455.159,2222u2d0,0.958,0.918,4.398,1,5.974,5.916,0.107,-0.078,0.125,0.182,n_to_pi_*_R,5.959296599999839
30,345,3,-453.711,-455.159,-455.154,22u2220d,-0.948,0.9,4.26,1,5.831,6.054,0.091,0.12,-0.144,0.209,n_to_pi_*_L,6.231410599999592
30,345,6,-453.611,-455.111,-455.105,222u220d,-0.605,0.367,2.671,1,7.117,7.364,4.487,-0.114,0.655,4.536,pi_nb_to_pi_*_L,8.95255060000021
30,345,7,-453.607,-455.116,-455.089,22222ud0,-0.681,0.464,2.175,1,7.001,7.803,3.123,1.427,0.544,3.476,pi_nb_to_pi_*_R,9.061396199999184
45,0,2,-453.735,-455.163,-455.168,222u22d0,-0.955,0.912,4.145,1,5.813,5.741,0.181,-0.056,-0.032,0.192,n_to_pi_*_R,5.79602819999906
45,0,3,-453.722,-455.168,-455.164,22u2220d,-0.941,0.885,4.215,1,5.68,5.861,0.133,0.152,-0.155,0.255,n_to_pi_*_L,6.1497763999999755
45,0,4,-453.65,-455.134,-455.142,2222u20d,0.612,0.375,4.118,1,6.592,6.456,-2.342,0.437,-0.076,2.384,pi_nb_to_pi_*_L,8.108997200000049
45,0,5,-453.631,-455.103,-455.126,2222u20d,0.576,0.332,6.668,1,7.445,6.892,-1.934,0.825,-0.583,2.182,pi_nb_to_pi_*_L,8.626013800000198
45,0,6,-453.618,-455.126,-455.099,22222ud0,0.845,0.714,5.136,1,6.823,7.636,-4.316,-1.526,1.267,4.75,pi_nb_to_pi_*_R,8.979761999999567
45,15,2,-453.741,-455.166,-455.17,22u222d0,-0.951,0.905,3.986,1,5.712,5.671,-0.201,0.007,0.114,0.231,n_to_pi_*_R,5.687182600000087
45,15,3,-453.728,-455.17,-455.167,2222u20d,0.924,0.853,4.121,1,5.618,5.75,0.093,0.12,-0.191,0.244,n_to_pi_*_L,6.0409307999994555
45,15,4,-453.647,-455.133,-455.137,222u220d,0.666,0.444,4.457,1,6.612,6.574,3.623,0.883,-1.271,3.94,pi_nb_to_pi_*_L,8.245054199999926
45,15,5,-453.625,-455.114,-455.13,222u220d,-0.582,0.339,4.474,1,7.139,6.753,-2.457,1.106,-0.344,2.717,pi_nb_to_pi_*_L,8.84370499999969
45,15,6,-453.619,-455.119,-455.097,22222ud0,-0.751,0.563,4.534,1,6.992,7.661,1.436,2.058,-1.749,3.059,pi_nb_to_pi_*_R,9.006973399998923
45,30,2,-453.742,-455.163,-455.172,22222ud0,-0.95,0.902,4.07,1,5.814,5.641,0.215,0.011,0.001,0.215,n_to_pi_*_R,5.768816799999703
45,30,3,-453.741,-455.172,-455.163,22u2220d,-0.831,0.691,4.415,1,5.574,5.889,-0.02,0.016,-0.15,0.152,n_to_pi_*_L,5.796028200000607
45,30,4,-453.642,-455.126,-455.135,222u220d,-0.647,0.418,6.243,1,6.811,6.662,-0.404,-2.073,1.855,2.811,pi_nb_to_pi_*_L,8.489956800000321
45,30,5,-453.625,-455.12,-455.128,2222u2d0,0.653,0.427,6.932,1,6.996,6.835,-3.1,0.992,-0.093,3.256,pi_nb_to_pi_*_R,8.95255060000021
45,30,6,-453.62,-455.11,-455.093,2222u2d0,-0.628,0.394,7.086,1,7.27,7.798,2.194,1.511,-1.6,3.108,pi_nb_to_pi_*_R,9.088607600000087
45,45,2,-453.746,-455.166,-455.171,2222u20d,-0.942,0.888,4.054,1,5.735,5.668,-0.242,-0.022,0.065,0.251,n_to_pi_*_R,5.7416054000003465
45,45,3,-453.746,-455.171,-455.166,22222ud0,-0.933,0.871,4.304,1,5.584,5.82,-0.044,-0.034,0.121,0.133,n_to_pi_*_L,5.7416054000003465
45,45,4,-453.639,-455.124,-455.133,222u22d0,-0.798,0.637,6.676,1,6.868,6.724,-0.018,2.358,-2.41,3.372,pi_nb_to_pi_*_L,8.653225199999556
45,45,5,-453.626,-455.126,-455.126,22u2220d,0.755,0.57,7.426,1,6.809,6.905,3.255,-0.942,-0.351,3.407,pi_nb_to_pi_*_R,9.00697340000047
45,60,2,-453.75,-455.167,-455.169,2222u20d,0.944,0.891,4.017,1,5.636,5.665,-0.231,-0.015,0.133,0.267,n_to_pi_*_R,5.632759799999827
45,60,3,-453.748,-455.169,-455.167,22222ud0,-0.916,0.84,4.171,1,5.57,5.732,0.096,0.047,-0.125,0.164,n_to_pi_*_L,5.687182600000087
45,60,4,-453.635,-455.121,-455.129,222u22d0,-0.822,0.676,7.197,1,6.872,6.744,0.606,-2.286,2.816,3.677,pi_nb_to_pi_*_L,8.762070800000075
45,60,5,-453.624,-455.127,-455.123,22u2220d,0.827,0.683,7.946,1,6.717,6.919,-3.142,0.956,0.627,3.344,pi_nb_to_pi_*_R,9.061396199999184
45,270,2,-453.753,-455.179,-455.18,2222u20d,-0.943,0.89,3.355,1,5.449,5.482,-0.344,0.037,-0.013,0.346,n_to_pi_*_R,5.496702799999951
45,270,3,-453.734,-455.172,-455.173,22u222d0,0.939,0.882,3.064,1,5.638,5.678,-0.135,0.001,-0.174,0.22,n_to_pi_*_L,6.013719400000099
45,270,4,-453.657,-455.143,-455.146,222u22d0,0.638,0.407,3.77,1,6.448,6.403,1.959,-1.598,2.078,3.273,pi_nb_to_pi_*_L,8.108997200000049
45,270,5,-453.635,-455.131,-455.14,22222u0d,0.695,0.482,2.961,1,6.765,6.576,2.305,-0.062,-0.154,2.311,pi_nb_to_pi_*_R,8.707647999999814
45,270,7,-453.608,-455.082,-455.079,222u22d0,-0.571,0.326,8.139,1,8.1,8.239,-1.71,1.11,-0.186,2.047,pi_nb_to_pi_*_L,9.442355799999456
45,285,2,-453.749,-455.177,-455.177,2222u2d0,-0.949,0.9,3.66,1,5.51,5.555,-0.305,-0.026,0.071,0.314,n_to_pi_*_R,5.523914199999307
45,285,3,-453.729,-455.17,-455.17,222u220d,-0.943,0.888,3.435,1,5.693,5.741,-0.098,0.024,-0.149,0.18,n_to_pi_*_L,6.068142200000359
45,285,4,-453.66,-455.146,-455.151,22u2220d,-0.579,0.335,3.39,1,6.336,6.257,-0.71,0.758,-0.806,1.314,pi_nb_to_pi_*_L,7.94572879999927
45,285,6,-453.627,-455.133,-455.1,22222ud0,-0.754,0.569,1.245,1,6.688,7.65,-4.191,0.933,-2.233,4.84,pi_nb_to_pi_*_R,8.84370499999969
45,285,7,-453.61,-455.086,-455.083,22u2220d,-0.614,0.377,7.315,1,7.967,8.115,-1.818,1.124,-0.099,2.14,pi_nb_to_pi_*_L,9.30629879999958
45,300,2,-453.745,-455.173,-455.173,2222u2d0,-0.955,0.912,3.913,1,5.613,5.658,-0.191,-0.078,0.142,0.25,n_to_pi_*_R,5.632759799999827
45,300,3,-453.726,-455.169,-455.169,222u220d,-0.951,0.904,3.91,1,5.737,5.784,0.027,-0.071,0.133,0.153,n_to_pi_*_L,6.1497763999999755
45,300,4,-453.66,-455.148,-455.153,22u2220d,0.586,0.344,2.879,1,6.299,6.223,-0.063,-0.494,0.071,0.503,pi_nb_to_pi_*_L,7.94572879999927
45,300,6,-453.624,-455.134,-455.101,22222ud0,0.816,0.666,3.409,1,6.669,7.627,-4.686,0.686,-2.046,5.159,pi_nb_to_pi_*_R,8.925339199999307
45,300,7,-453.612,-455.09,-455.085,22u2220d,0.608,0.369,7.162,1,7.89,8.047,-1.529,1.162,0.009,1.921,pi_nb_to_pi_*_L,9.251875999999319
45,315,2,-453.737,-455.166,-455.167,2222u2d0,-0.958,0.918,4.003,1,5.788,5.803,-0.108,-0.11,0.16,0.223,n_to_pi_*_R,5.768816799999703
45,315,3,-453.721,-455.167,-455.166,222u220d,-0.954,0.91,4.136,1,5.746,5.845,-0.037,-0.101,0.119,0.16,n_to_pi_*_L,6.204199200000235
45,315,4,-453.656,-455.146,-455.149,22u2220d,0.631,0.398,2.652,1,6.337,6.29,-0.065,0.296,0.068,0.311,pi_nb_to_pi_*_L,7.972940200000173
45,315,6,-453.62,-455.131,-455.101,22222ud0,0.821,0.673,4.313,1,6.725,7.607,-5.218,0.324,-1.752,5.514,pi_nb_to_pi_*_R,8.95255060000021
45,315,7,-453.611,-455.092,-455.087,22u2220d,0.549,0.302,7.362,1,7.804,7.981,-0.746,1.244,0.235,1.47,pi_nb_to_pi_*_L,9.197453200000608
45,330,2,-453.733,-455.162,-455.167,2222u2d0,0.959,0.92,4.116,1,5.879,5.822,0.011,-0.111,0.14,0.179,n_to_pi_*_R,5.850450999999319
45,330,3,-453.72,-455.167,-455.162,222u220d,-0.95,0.902,4.272,1,5.749,5.948,0.09,0.128,-0.112,0.192,n_to_pi_*_L,6.204199199998689
45,330,4,-453.653,-455.143,-455.147,22u2220d,-0.643,0.413,2.936,1,6.405,6.363,0.779,-0.365,0.122,0.869,pi_nb_to_pi_*_L,8.027362999998887
45,330,6,-453.617,-455.126,-455.101,22222ud0,-0.781,0.609,4.208,1,6.855,7.605,-5.382,-0.014,-0.864,5.451,pi_nb_to_pi_*_R,9.006973399998923
45,345,2,-453.732,-455.162,-455.167,2222u2d0,-0.957,0.917,4.182,1,5.88,5.821,-0.122,0.092,-0.065,0.166,n_to_pi_*_R,5.877662399998676
45,345,3,-453.72,-455.167,-455.162,22u2220d,-0.945,0.892,4.268,1,5.737,5.951,0.129,0.145,-0.12,0.229,n_to_pi_*_L,6.204199199998689
45,345,4,-453.651,-455.136,-455.144,222u220d,-0.595,0.354,3.903,1,6.569,6.451,1.491,-0.569,0.291,1.622,pi_nb_to_pi_*_L,8.081785799999146
45,345,6,-453.617,-455.125,-455.103,22222ud0,0.755,0.57,3.703,1,6.877,7.56,-5.085,-0.452,0.058,5.105,pi_nb_to_pi_*_R,9.006973399998923
60,0,2,-453.742,-455.168,-455.173,2222u2d0,-0.95,0.903,3.954,1,5.761,5.671,-0.152,0.019,0.096,0.181,n_to_pi_*_R,5.7416053999988
60,0,3,-453.732,-455.173,-455.168,22u2220d,-0.943,0.889,4.238,1,5.612,5.809,-0.051,-0.109,0.178,0.215,n_to_pi_*_L,6.0137193999985525
60,0,4,-453.654,-455.139,-455.143,222u220d,-0.65,0.422,4.724,1,6.538,6.513,3.306,0.664,-0.76,3.457,pi_nb_to_pi_*_L,8.136208599999406
60,0,6,-453.62,-455.121,-455.097,22222ud0,-0.8,0.64,4.687,1,7.027,7.756,-2.353,-1.984,1.628,3.482,pi_nb_to_pi_*_R,9.061396199999184
60,15,2,-453.741,-455.164,-455.174,2222u2d0,-0.954,0.911,4.168,1,5.875,5.649,-0.182,0.019,-0.02,0.184,n_to_pi_*_R,5.8232395999999635
60,15,3,-453.74,-455.174,-455.164,222u220d,-0.923,0.852,4.526,1,5.585,5.946,-0.046,0.028,-0.167,0.175,n_to_pi_*_L,5.850450999999319
60,15,4,-453.647,-455.132,-455.136,22u2220d,0.689,0.474,6.304,1,6.724,6.699,-0.306,-1.451,1.021,1.8,pi_nb_to_pi_*_L,8.381111199999802
60,15,6,-453.621,-455.122,-455.092,22222ud0,0.795,0.633,6.801,1,7.0,7.903,-2.66,-2.143,1.725,3.826,pi_nb_to_pi_*_R,9.088607600000087
60,30,2,-453.745,-455.168,-455.176,2222u2d0,-0.92,0.847,4.184,1,5.765,5.618,-0.227,-0.009,0.054,0.234,n_to_pi_*_R,5.796028200000607
60,30,3,-453.745,-455.175,-455.167,22u2220d,0.91,0.828,4.433,1,5.562,5.862,0.007,-0.04,0.134,0.14,n_to_pi_*_L,5.796028200000607
60,30,4,-453.643,-455.129,-455.135,222u220d,0.77,0.593,6.713,1,6.822,6.72,-0.475,-2.318,1.744,2.94,pi_nb_to_pi_*_L,8.571591000001485
60,30,5,-453.627,-455.121,-455.13,22222ud0,0.666,0.444,7.674,1,7.042,6.859,-3.251,0.988,-0.028,3.398,pi_nb_to_pi_*_R,9.00697340000047
60,30,6,-453.621,-455.105,-455.091,22222ud0,0.599,0.359,8.566,1,7.458,7.938,-1.255,-1.607,1.498,2.53,pi_nb_to_pi_*_R,9.17024180000125
60,45,2,-453.749,-455.168,-455.174,2222u2d0,0.947,0.898,4.157,1,5.703,5.634,-0.236,-0.018,0.106,0.259,n_to_pi_*_R,5.7143939999994435
60,45,3,-453.748,-455.174,-455.168,22u2220d,0.926,0.857,4.366,1,5.554,5.786,0.082,0.049,-0.119,0.152,n_to_pi_*_L,5.7416054000003465
60,45,4,-453.64,-455.125,-455.131,222u220d,-0.789,0.623,7.111,1,6.869,6.789,-0.061,2.76,-2.362,3.634,pi_nb_to_pi_*_L,8.680436600000458
60,45,5,-453.626,-455.129,-455.127,22222ud0,0.846,0.715,8.163,1,6.778,6.909,-3.192,0.929,0.235,3.332,pi_nb_to_pi_*_R,9.06139620000073
60,60,2,-453.752,-455.169,-455.17,2222u2d0,0.947,0.897,4.188,1,5.585,5.617,-0.223,-0.025,0.162,0.277,n_to_pi_*_R,5.578336999999567
60,60,3,-453.748,-455.17,-455.169,222u220d,-0.91,0.828,4.297,1,5.538,5.664,-0.093,-0.05,0.125,0.163,n_to_pi_*_L,5.687182600000087
60,60,4,-453.637,-455.122,-455.129,22u2220d,-0.796,0.634,7.667,1,6.854,6.75,-1.077,2.641,-2.444,3.756,pi_nb_to_pi_*_L,8.707647999999814
60,60,5,-453.625,-455.128,-455.123,22222ud0,-0.856,0.733,8.631,1,6.696,6.896,-3.078,0.868,0.334,3.215,pi_nb_to_pi_*_R,9.034184799999828
75,0,2,-453.741,-455.165,-455.176,2222u2d0,-0.96,0.922,4.117,1,5.885,5.641,-0.138,0.061,-0.029,0.153,n_to_pi_*_R,5.8504510000008665
75,0,3,-453.738,-455.176,-455.165,222u220d,0.951,0.905,4.517,1,5.579,5.947,0.069,-0.032,0.177,0.193,n_to_pi_*_L,5.932085200000483
75,0,4,-453.649,-455.136,-455.139,22u2220d,-0.72,0.519,6.159,1,6.679,6.661,-0.279,-0.957,0.583,1.154,pi_nb_to_pi_*_L,8.353899800000447
75,0,6,-453.622,-455.125,-455.085,22222ud0,-0.851,0.724,7.007,1,6.965,8.134,3.171,2.142,-1.615,4.153,pi_nb_to_pi_*_R,9.088607600000087
75,15,2,-453.743,-455.166,-455.176,2222u2d0,0.958,0.918,4.284,1,5.857,5.652,-0.19,0.041,0.01,0.194,n_to_pi_*_R,5.8232395999999635
75,15,3,-453.74,-455.176,-455.166,222u220d,-0.95,0.902,4.591,1,5.581,5.93,0.014,0.052,-0.157,0.166,n_to_pi_*_L,5.90487379999958
75,15,4,-453.645,-455.132,-455.135,22u2220d,0.765,0.586,6.742,1,6.788,6.774,1.286,2.386,-1.515,3.105,pi_nb_to_pi_*_L,8.489956800000321
75,15,5,-453.625,-455.12,-455.133,22222ud0,0.712,0.507,7.618,1,7.099,6.834,3.328,-1.149,0.374,3.54,pi_nb_to_pi_*_R,9.034184799999828
75,15,6,-453.621,-455.103,-455.088,22222ud0,0.555,0.308,9.545,1,7.586,8.045,1.498,1.519,-1.232,2.464,pi_nb_to_pi_*_R,9.143030400000347
75,30,2,-453.747,-455.168,-455.176,2222u2d0,0.955,0.912,4.276,1,5.766,5.614,0.215,-0.011,-0.084,0.231,n_to_pi_*_R,5.7416054000003465
75,30,3,-453.744,-455.176,-455.168,222u220d,-0.859,0.738,4.527,1,5.55,5.833,0.062,0.056,-0.141,0.164,n_to_pi_*_L,5.8232395999999635
75,30,4,-453.643,-455.129,-455.132,22u2220d,0.709,0.502,7.158,1,6.837,6.817,0.598,3.063,-1.986,3.699,pi_nb_to_pi_*_L,8.571591000001485
75,30,5,-453.626,-455.129,-455.129,22222ud0,0.87,0.757,8.197,1,6.838,6.895,3.369,-0.988,0.072,3.511,pi_nb_to_pi_*_R,9.034184800001373
75,45,2,-453.751,-455.17,-455.174,2222u20d,-0.953,0.908,4.268,1,5.645,5.599,0.215,0.019,-0.148,0.262,n_to_pi_*_R,5.632759800001374
75,45,3,-453.746,-455.174,-455.17,222u22d0,0.912,0.832,4.437,1,5.534,5.712,0.09,0.056,-0.129,0.167,n_to_pi_*_L,5.76881680000125
75,45,4,-453.64,-455.126,-455.13,22u222d0,-0.773,0.597,7.61,1,6.85,6.798,0.567,-3.138,2.019,3.774,pi_nb_to_pi_*_L,8.653225200001101
75,45,5,-453.626,-455.129,-455.127,22222u0d,0.883,0.78,8.724,1,6.754,6.887,3.249,-0.873,-0.061,3.365,pi_nb_to_pi_*_R,9.034184800001373
75,60,2,-453.752,-455.17,-455.17,2222u20d,-0.95,0.903,4.401,1,5.545,5.599,0.216,0.045,-0.177,0.283,n_to_pi_*_R,5.55112560000021
75,60,3,-453.743,-455.17,-455.17,222u22d0,0.929,0.863,4.407,1,5.542,5.607,-0.065,-0.048,0.139,0.161,n_to_pi_*_L,5.796028200000607
75,60,4,-453.638,-455.123,-455.128,22u222d0,-0.795,0.631,8.198,1,6.836,6.756,-1.504,2.921,-1.928,3.809,pi_nb_to_pi_*_L,8.653225200001101
75,60,5,-453.624,-455.128,-455.123,22222u0d,0.88,0.774,9.31,1,6.697,6.876,-3.197,0.902,-0.086,3.323,pi_nb_to_pi_*_R,9.034184799999828
210,90,2,-453.749,-455.167,-455.174,222u220d,0.956,0.915,2.54,1,5.746,5.652,-0.149,-0.001,-0.149,0.211,n_to_pi_*_L,5.687182600000087
210,90,3,-453.739,-455.174,-455.168,22222ud0,0.921,0.848,3.47,1,5.554,5.833,-0.174,-0.169,-0.093,0.26,n_to_pi_*_R,5.9592966000013865
210,90,4,-453.648,-455.134,-455.137,22u222d0,-0.785,0.616,4.443,1,6.641,6.659,3.163,-1.372,1.819,3.898,pi_nb_to_pi_*_R,8.435534000000063
210,90,6,-453.624,-455.118,-455.103,2222u20d,0.642,0.412,5.845,1,7.076,7.59,1.575,-1.202,-0.103,1.984,pi_nb_to_pi_*_L,9.088607600000087
210,105,5,-453.635,-455.114,-455.136,22222ud0,0.72,0.519,5.903,1,7.218,6.731,0.499,1.413,-2.902,3.266,pi_nb_to_pi_*_R,8.789282200000978
210,105,7,-453.602,-455.082,-455.073,222u22d0,-0.78,0.608,10.385,1,8.098,8.43,-2.098,0.614,0.107,2.189,n_to_pi_*_R,9.687258400001399
210,120,2,-453.748,-455.168,-455.172,222u220d,0.955,0.912,2.794,1,5.783,5.758,0.107,-0.011,0.159,0.191,n_to_pi_*_L,5.7416054000003465
210,120,3,-453.735,-455.172,-455.168,22u222d0,-0.92,0.846,3.439,1,5.671,5.864,-0.227,-0.13,-0.174,0.314,n_to_pi_*_R,6.095353599999716
210,120,4,-453.645,-455.133,-455.135,2222u2d0,0.808,0.653,3.609,1,6.713,6.752,1.95,-1.673,1.476,2.963,pi_nb_to_pi_*_R,8.544379600000582
210,120,6,-453.621,-455.125,-455.104,22222u0d,0.767,0.588,0.846,1,6.954,7.595,-2.891,1.951,-0.602,3.539,pi_nb_to_pi_*_L,9.197453200000608
210,135,2,-453.748,-455.168,-455.17,222u220d,0.957,0.915,2.989,1,5.807,5.822,-0.071,0.016,-0.163,0.178,n_to_pi_*_L,5.768816799999703
210,135,3,-453.733,-455.169,-455.168,22u222d0,0.921,0.849,3.599,1,5.76,5.874,-0.177,-0.105,-0.215,0.297,n_to_pi_*_R,6.176987799999332
210,135,4,-453.644,-455.127,-455.135,2222u2d0,-0.763,0.582,2.444,1,6.901,6.775,1.943,1.158,-0.998,2.472,pi_nb_to_pi_*_R,8.598802399999295
210,135,6,-453.621,-455.124,-455.106,22222u0d,0.811,0.658,2.588,1,6.989,7.561,3.248,-2.34,0.594,4.047,pi_nb_to_pi_*_L,9.224664599999963
210,150,2,-453.749,-455.168,-455.169,222u220d,0.959,0.92,3.165,1,5.821,5.878,-0.032,0.02,-0.165,0.169,n_to_pi_*_L,5.7416053999988
210,150,3,-453.732,-455.167,-455.167,22u222d0,-0.93,0.865,3.819,1,5.845,5.912,-0.103,-0.078,-0.24,0.272,n_to_pi_*_R,6.204199199998689
210,150,4,-453.647,-455.125,-455.137,2222u2d0,0.583,0.339,3.545,1,7.006,6.744,-2.026,-2.084,0.936,3.054,pi_nb_to_pi_*_R,8.517168199999679
210,150,5,-453.64,-455.128,-455.132,2222u2d0,0.663,0.44,1.378,1,6.907,6.884,0.035,-2.393,1.197,2.676,pi_nb_to_pi_*_R,8.707647999999814
210,150,6,-453.622,-455.126,-455.11,22222u0d,-0.817,0.668,3.912,1,6.96,7.48,-3.262,2.629,-0.483,4.218,pi_nb_to_pi_*_L,9.19745319999906
210,180,2,-453.751,-455.171,-455.171,222u22d0,-0.96,0.922,3.349,1,5.785,5.878,0.044,0.021,-0.158,0.165,n_to_pi_*_L,5.71439400000099
210,180,3,-453.732,-455.165,-455.165,22u2220d,-0.944,0.892,4.072,1,5.937,6.03,-0.002,-0.003,0.224,0.224,n_to_pi_*_R,6.231410599999592
210,180,4,-453.65,-455.13,-455.141,2222u20d,0.636,0.404,2.308,1,6.886,6.686,2.13,1.952,0.296,2.904,pi_nb_to_pi_*_R,8.462745400000966
210,180,5,-453.636,-455.12,-455.136,2222u20d,0.594,0.353,1.873,1,7.159,6.827,1.324,2.447,-0.15,2.786,pi_nb_to_pi_*_R,8.84370499999969
210,180,6,-453.626,-455.13,-455.11,22222ud0,0.736,0.542,2.51,1,6.882,7.542,2.432,-2.671,0.109,3.614,pi_nb_to_pi_*_L,9.11581900000099
225,90,2,-453.748,-455.166,-455.176,2222u20d,0.953,0.908,2.524,1,5.795,5.639,0.098,0.009,0.141,0.172,n_to_pi_*_L,5.7416054000003465
225,90,3,-453.739,-455.176,-455.167,22u222d0,-0.908,0.825,3.214,1,5.543,5.889,0.246,0.173,0.099,0.317,n_to_pi_*_R,5.986508000000743
225,90,4,-453.648,-455.137,-455.139,22222ud0,-0.766,0.587,3.742,1,6.585,6.645,-3.808,1.588,-1.606,4.428,pi_nb_to_pi_*_R,8.462745399999418
225,90,6,-453.621,-455.112,-455.103,222u220d,0.601,0.361,7.087,1,7.285,7.61,-1.283,1.188,-0.181,1.757,pi_nb_to_pi_*_L,9.197453200000608
225,105,2,-453.747,-455.166,-455.175,222u22d0,0.952,0.907,2.605,1,5.811,5.683,0.073,-0.003,0.148,0.165,n_to_pi_*_L,5.768816799999703
225,105,3,-453.737,-455.174,-455.166,22u2220d,0.91,0.828,3.159,1,5.587,5.908,-0.287,-0.156,-0.131,0.352,n_to_pi_*_R,6.0409307999994555
225,105,4,-453.647,-455.136,-455.138,2222u20d,-0.776,0.603,3.04,1,6.628,6.676,-3.227,1.778,-1.436,3.955,pi_nb_to_pi_*_R,8.489956800000321
225,105,6,-453.62,-455.119,-455.105,22222ud0,0.694,0.481,3.904,1,7.092,7.586,-2.279,1.591,-0.497,2.823,pi_nb_to_pi_*_L,9.224664599999963
225,120,2,-453.747,-455.166,-455.173,222u220d,-0.955,0.911,2.782,1,5.828,5.74,-0.041,0.015,-0.156,0.162,n_to_pi_*_L,5.768816799999703
225,120,3,-453.735,-455.172,-455.166,22u222d0,-0.912,0.832,3.235,1,5.66,5.911,0.274,0.128,0.172,0.348,n_to_pi_*_R,6.095353599999716
225,120,4,-453.644,-455.135,-455.136,2222u2d0,-0.798,0.636,3.082,1,6.686,6.727,2.488,-1.862,1.134,3.308,pi_nb_to_pi_*_R,8.57159099999994
225,120,6,-453.619,-455.124,-455.105,22222u0d,0.762,0.581,0.539,1,6.99,7.576,-2.976,1.999,-0.559,3.629,pi_nb_to_pi_*_L,9.251875999999319
225,150,2,-453.748,-455.168,-455.168,222u220d,0.961,0.923,3.179,1,5.829,5.896,-0.021,-0.029,0.163,0.167,n_to_pi_*_L,5.768816799999703
225,150,3,-453.732,-455.168,-455.168,22u222d0,-0.932,0.869,3.681,1,5.834,5.913,0.123,0.062,0.245,0.281,n_to_pi_*_R,6.204199199998689
225,150,4,-453.646,-455.126,-455.137,2222u2d0,-0.649,0.422,2.493,1,6.976,6.762,-1.866,-1.93,0.6,2.751,pi_nb_to_pi_*_R,8.544379599999035
225,150,5,-453.639,-455.124,-455.133,2222u2d0,0.6,0.36,1.798,1,7.039,6.867,-0.121,2.68,-0.992,2.861,pi_nb_to_pi_*_R,8.734859399999172
225,150,6,-453.623,-455.127,-455.109,22222u0d,-0.797,0.635,3.17,1,6.933,7.509,3.27,-2.581,0.38,4.183,pi_nb_to_pi_*_L,9.170241799999703
225,165,2,-453.749,-455.17,-455.17,222u220d,-0.961,0.924,3.302,1,5.804,5.893,0.047,0.032,-0.158,0.168,n_to_pi_*_L,5.7416053999988
225,165,3,-453.732,-455.166,-455.166,22u222d0,-0.942,0.887,3.868,1,5.899,5.986,0.049,0.02,0.252,0.258,n_to_pi_*_R,6.204199199998689
225,165,4,-453.648,-455.129,-455.139,2222u2d0,0.654,0.427,2.165,1,6.913,6.714,1.852,2.007,-0.036,2.732,pi_nb_to_pi_*_R,8.489956799998776
225,165,5,-453.637,-455.118,-455.135,2222u2d0,0.588,0.346,2.48,1,7.198,6.836,0.785,2.627,-0.565,2.799,pi_nb_to_pi_*_R,8.78928219999943
225,165,6,-453.625,-455.13,-455.108,22222u0d,0.769,0.591,3.026,1,6.872,7.563,2.885,-2.631,0.247,3.913,pi_nb_to_pi_*_L,9.115818999999444
225,180,2,-453.75,-455.171,-455.171,222u22d0,0.961,0.923,3.348,1,5.772,5.866,-0.067,-0.029,0.15,0.167,n_to_pi_*_L,5.7416054000003465
225,180,3,-453.732,-455.165,-455.165,22u2220d,0.946,0.895,3.939,1,5.918,6.013,0.005,-0.029,0.231,0.233,n_to_pi_*_R,6.231410599999592
225,180,4,-453.647,-455.131,-455.14,2222u20d,0.69,0.476,2.179,1,6.848,6.709,-1.611,-2.012,-0.505,2.627,pi_nb_to_pi_*_R,8.544379600000582
225,180,5,-453.634,-455.111,-455.135,2222u20d,0.567,0.322,4.02,1,7.403,6.825,-1.552,-2.587,0.058,3.018,pi_nb_to_pi_*_R,8.898127799999951
225,180,6,-453.627,-455.131,-455.105,22222ud0,0.772,0.596,3.245,1,6.848,7.663,2.574,-2.461,0.148,3.564,pi_nb_to_pi_*_L,9.088607600000087
240,0,2,-453.293,-454.801,-454.8,22222ud0,-0.805,0.649,3.764,1,2.002,2.01,-0.73,-0.372,0.759,1.117,pi_nb_to_pi_*_R,2.639505799999456
240,15,2,-453.753,-455.171,-455.171,222u220d,-0.958,0.918,3.793,1,5.711,5.785,0.062,-0.119,-0.082,0.157,n_to_pi_*_L,5.632759799999827
240,15,3,-453.737,-455.17,-455.17,22u222d0,0.853,0.727,3.665,1,5.741,5.814,0.177,-0.066,-0.102,0.215,n_to_pi_*_R,6.068142199998812
240,15,4,-453.64,-455.123,-455.13,22222ud0,0.913,0.834,7.454,1,6.997,6.889,-1.113,-1.514,3.217,3.725,pi_nb_to_pi_*_R,8.707647999999814
240,15,5,-453.623,-455.129,-455.123,2222u20d,0.877,0.77,6.136,1,6.839,7.081,1.029,3.277,2.41,4.196,pi_nb_to_pi_*_L,9.170241799999703
240,30,2,-453.748,-455.17,-455.174,2222u2d0,-0.954,0.91,3.584,1,5.746,5.692,-0.131,-0.056,0.034,0.147,n_to_pi_*_R,5.7416054000003465
240,30,3,-453.741,-455.174,-455.17,222u220d,0.859,0.738,3.914,1,5.635,5.804,0.085,-0.14,-0.067,0.177,n_to_pi_*_L,5.932085200000483
240,30,4,-453.644,-455.13,-455.131,22u2220d,0.766,0.587,5.384,1,6.829,6.861,-0.243,-2.758,-3.05,4.119,pi_nb_to_pi_*_L,8.57159099999994
240,30,5,-453.626,-455.129,-455.127,22222ud0,0.907,0.822,7.354,1,6.858,6.971,-0.878,-1.487,3.57,3.966,pi_nb_to_pi_*_R,9.06139620000073
240,90,2,-453.748,-455.167,-455.177,222u22d0,-0.948,0.9,2.522,1,5.821,5.626,-0.016,-0.019,-0.136,0.138,n_to_pi_*_L,5.768816799999703
240,90,3,-453.74,-455.177,-455.167,22u2220d,-0.893,0.797,2.962,1,5.537,5.916,-0.303,-0.176,-0.118,0.37,n_to_pi_*_R,5.986507999999196
240,90,4,-453.649,-455.141,-455.142,22222u0d,-0.771,0.595,3.019,1,6.52,6.591,4.252,-1.696,1.131,4.715,pi_nb_to_pi_*_R,8.462745399999418
240,90,6,-453.618,-455.108,-455.101,2222u2d0,-0.589,0.346,7.559,1,7.425,7.694,1.285,-1.279,0.463,1.871,pi_nb_to_pi_*_L,9.30629879999958
240,105,2,-453.747,-455.166,-455.176,222u22d0,0.95,0.903,2.571,1,5.831,5.662,-0.013,-0.001,0.144,0.144,n_to_pi_*_L,5.768816799999703
240,105,3,-453.738,-455.176,-455.166,2222u20d,0.897,0.805,2.908,1,5.576,5.925,0.331,0.15,0.14,0.39,n_to_pi_*_R,6.013719400000099
240,105,4,-453.647,-455.139,-455.14,22u2220d,-0.788,0.621,2.552,1,6.58,6.64,3.676,-1.858,0.836,4.203,pi_nb_to_pi_*_R,8.489956800000321
240,105,6,-453.618,-455.116,-455.105,22222ud0,0.683,0.467,4.316,1,7.197,7.605,2.274,-1.664,0.556,2.872,pi_nb_to_pi_*_L,9.279087400000224
240,120,2,-453.747,-455.167,-455.174,22u222d0,-0.955,0.912,2.754,1,5.832,5.713,-0.041,-0.019,0.152,0.159,n_to_pi_*_L,5.768816799999703
240,120,3,-453.735,-455.173,-455.167,222u220d,0.907,0.823,3.013,1,5.646,5.906,-0.305,-0.119,-0.167,0.367,n_to_pi_*_R,6.095353599999716
240,120,4,-453.644,-455.135,-455.136,2222u20d,0.847,0.717,3.524,1,6.69,6.747,-2.91,1.626,-0.41,3.359,pi_nb_to_pi_*_R,8.57159099999994
240,120,6,-453.618,-455.123,-455.103,22222ud0,0.768,0.589,0.782,1,7.027,7.639,3.081,-2.067,0.485,3.741,pi_nb_to_pi_*_L,9.279087400000224
240,135,2,-453.748,-455.168,-455.171,222u22d0,-0.959,0.921,2.979,1,5.821,5.791,-0.064,-0.029,0.156,0.171,n_to_pi_*_L,5.768816799999703
240,135,3,-453.733,-455.171,-455.168,22u2220d,0.921,0.847,3.244,1,5.736,5.882,0.234,0.078,0.206,0.322,n_to_pi_*_R,6.176987799999332
240,135,4,-453.644,-455.13,-455.135,2222u20d,-0.852,0.727,3.463,1,6.842,6.766,2.061,0.576,-0.45,2.186,pi_nb_to_pi_*_R,8.598802399999295
240,135,6,-453.62,-455.126,-455.101,22222ud0,0.809,0.655,2.596,1,6.966,7.698,3.474,-2.379,0.342,4.224,pi_nb_to_pi_*_L,9.251875999999319
240,150,2,-453.71,-455.102,-455.102,222u22d0,0.968,0.938,2.991,1,5.886,5.937,-0.051,-0.042,0.154,0.168,n_to_pi_*_L,5.904873800001126
240,150,5,-453.593,-455.059,-455.058,22222ud0,0.602,0.363,3.236,1,7.061,7.121,0.102,-0.972,0.197,0.997,pi_nb_to_pi_*_L,9.088607600000087
240,150,5,-453.593,-455.059,-455.058,2222u20d,-0.66,0.435,3.236,1,7.061,7.121,0.102,-0.972,0.197,0.997,pi_nb_to_pi_*_R,9.088607600000087
240,150,6,-453.584,-455.063,-455.029,22222ud0,0.707,0.499,4.639,1,6.929,7.908,3.097,-3.373,0.581,4.616,pi_nb_to_pi_*_L,9.333510200000482
240,150,6,-453.584,-455.063,-455.029,2222u20d,0.599,0.359,4.639,1,6.929,7.908,3.097,-3.373,0.581,4.616,pi_nb_to_pi_*_R,9.333510200000482
240,165,2,-453.75,-455.17,-455.171,222u22d0,-0.961,0.923,3.262,1,5.771,5.85,-0.094,-0.035,0.148,0.179,n_to_pi_*_L,5.7143939999994435
240,165,3,-453.732,-455.167,-455.167,22u2220d,0.943,0.889,3.689,1,5.876,5.955,-0.077,0.016,-0.252,0.264,n_to_pi_*_R,6.204199199998689
240,165,4,-453.645,-455.131,-455.137,2222u20d,0.729,0.532,2.043,1,6.854,6.756,-1.409,-1.902,-0.202,2.376,pi_nb_to_pi_*_R,8.57159099999994
240,165,6,-453.625,-455.13,-455.102,22222ud0,0.814,0.663,4.123,1,6.861,7.725,-3.139,2.447,-0.136,3.982,pi_nb_to_pi_*_L,9.115818999999444
240,180,2,-453.751,-455.171,-455.171,222u22d0,-0.96,0.921,3.288,1,5.751,5.842,-0.097,-0.031,0.139,0.172,n_to_pi_*_L,5.687182600000087
240,180,3,-453.733,-455.166,-455.166,22u2220d,0.947,0.896,3.764,1,5.882,5.973,0.036,-0.065,0.225,0.237,n_to_pi_*_R,6.176987799999332
240,180,4,-453.645,-455.131,-455.138,2222u20d,-0.758,0.574,2.953,1,6.836,6.746,0.865,2.106,0.641,2.365,pi_nb_to_pi_*_R,8.57159099999994
240,180,6,-453.626,-455.13,-455.1,22222ud0,0.82,0.672,4.164,1,6.861,7.783,-2.88,2.052,-0.219,3.543,pi_nb_to_pi_*_L,9.088607600000087
240,330,3,-453.567,-455.013,-455.016,2222u2d0,-0.58,0.336,6.28,1,5.331,5.264,0.57,0.244,-0.415,0.746,n_to_pi_*_L,5.523914199999307
240,330,5,-453.515,-455.021,-455.001,22222u0d,0.868,0.753,7.763,1,5.132,5.671,-0.509,-0.39,0.145,0.657,n_to_pi_*_R,6.938906999999877
240,330,6,-453.493,-455.001,-454.996,u222220d,-0.886,0.785,11.606,1,5.67,5.807,0.136,-0.597,-0.255,0.663,pi_nb_to_pi_*_R,7.537557799999641
240,345,2,-453.763,-455.166,-455.167,2222u20d,0.733,0.538,4.237,1,5.624,5.802,0.049,-0.122,-0.098,0.164,n_to_pi_*_L,5.387857200000978
240,345,3,-453.758,-455.163,-455.163,222u22d0,0.707,0.5,4.003,1,5.717,5.897,0.116,-0.168,-0.071,0.216,n_to_pi_*_R,5.523914200000854
240,345,4,-453.627,-455.124,-455.124,22222ud0,-0.776,0.601,8.626,1,6.77,6.957,-1.822,-2.171,3.157,4.242,pi_nb_to_pi_*_R,9.088607600000087
240,345,5,-453.617,-455.127,-455.12,22u2220d,0.643,0.413,7.654,1,6.702,7.058,1.987,2.53,1.662,3.621,pi_nb_to_pi_*_L,9.36072159999984
255,0,2,-453.761,-455.175,-455.175,2222u20d,-0.872,0.76,3.912,1,5.199,5.288,0.293,0.032,-0.15,0.33,n_to_pi_*_R,5.088531799998775
255,0,3,-453.741,-455.161,-455.161,222u22d0,-0.887,0.786,4.419,1,5.59,5.677,-0.09,-0.008,-0.162,0.186,n_to_pi_*_L,5.632759799999827
255,0,4,-453.643,-455.14,-455.138,22222u0d,-0.857,0.735,8.609,1,6.165,6.305,3.296,-1.791,-0.606,3.8,pi_nb_to_pi_*_R,8.299477000000186
255,0,5,-453.62,-455.117,-455.115,22u222d0,0.686,0.471,7.338,1,6.791,6.919,1.38,2.731,2.143,3.736,pi_nb_to_pi_*_L,8.925339199999307
255,115,2,-453.749,-455.169,-455.176,222u22d0,0.953,0.909,2.604,1,5.799,5.665,-0.087,-0.015,0.158,0.181,n_to_pi_*_L,5.7416053999988
255,115,3,-453.738,-455.176,-455.169,22u2220d,-0.897,0.805,2.714,1,5.603,5.863,0.363,0.068,0.129,0.391,n_to_pi_*_R,6.0409307999994555
255,115,4,-453.646,-455.137,-455.137,2222u20d,0.865,0.748,3.156,1,6.663,6.722,3.165,-1.622,-0.597,3.606,pi_nb_to_pi_*_R,8.544379599999035
255,115,6,-453.618,-455.121,-455.102,22222ud0,-0.737,0.544,2.258,1,7.102,7.674,-2.808,2.197,0.023,3.565,pi_nb_to_pi_*_L,9.30629879999958
255,130,2,-453.75,-455.169,-455.173,222u22d0,0.958,0.917,2.832,1,5.772,5.737,-0.095,-0.026,0.166,0.193,n_to_pi_*_L,5.7143939999994435
255,130,3,-453.735,-455.173,-455.17,22u2220d,-0.915,0.837,2.927,1,5.683,5.821,0.304,0.02,0.154,0.342,n_to_pi_*_R,6.1225649999990726
255,130,4,-453.644,-455.132,-455.137,2222u20d,0.901,0.812,4.178,1,6.804,6.71,2.253,-0.273,-0.678,2.369,pi_nb_to_pi_*_R,8.598802399999295
255,130,6,-453.62,-455.126,-455.099,22222ud0,-0.795,0.632,2.147,1,6.966,7.751,-3.227,2.441,0.388,4.065,pi_nb_to_pi_*_L,9.251875999999319
255,145,2,-453.751,-455.171,-455.171,222u22d0,-0.959,0.92,3.03,1,5.749,5.8,-0.107,-0.034,0.162,0.197,n_to_pi_*_L,5.71439400000099
255,145,3,-453.734,-455.17,-455.17,22u2220d,0.931,0.866,3.214,1,5.769,5.829,0.229,-0.016,0.188,0.297,n_to_pi_*_R,6.176987800000878
255,145,4,-453.644,-455.131,-455.136,2222u20d,0.837,0.701,3.053,1,6.824,6.767,1.719,0.903,-0.301,1.965,pi_nb_to_pi_*_R,8.626013800000198
255,145,6,-453.622,-455.13,-455.101,22222ud0,-0.825,0.681,3.921,1,6.872,7.718,3.324,-2.527,-0.594,4.217,pi_nb_to_pi_*_L,9.224664599999963
255,160,2,-453.752,-455.172,-455.172,222u22d0,0.959,0.92,3.132,1,5.733,5.792,0.099,0.049,-0.163,0.197,n_to_pi_*_L,5.687182600000087
255,160,3,-453.733,-455.168,-455.168,22u2220d,0.94,0.884,3.417,1,5.827,5.892,0.185,-0.095,0.179,0.274,n_to_pi_*_R,6.204199200000235
255,160,4,-453.644,-455.131,-455.135,2222u20d,0.817,0.668,3.093,1,6.835,6.796,-1.475,-1.218,-0.154,1.919,pi_nb_to_pi_*_R,8.626013800000198
255,160,6,-453.623,-455.131,-455.099,22222ud0,-0.853,0.728,5.15,1,6.847,7.774,2.977,-2.498,-1.336,4.11,pi_nb_to_pi_*_L,9.197453200000608
255,175,2,-453.753,-455.172,-455.172,222u22d0,-0.958,0.917,3.188,1,5.714,5.786,-0.098,-0.034,0.159,0.189,n_to_pi_*_L,5.65997120000073
255,175,3,-453.735,-455.167,-455.167,22u2220d,0.944,0.891,3.545,1,5.841,5.916,0.118,-0.121,0.175,0.244,n_to_pi_*_R,6.1497763999999755
255,175,4,-453.643,-455.13,-455.134,2222u20d,-0.835,0.698,4.042,1,6.851,6.822,0.848,1.519,0.663,1.862,pi_nb_to_pi_*_R,8.653225200001101
255,175,6,-453.623,-455.129,-455.097,22222ud0,-0.86,0.739,5.428,1,6.889,7.841,3.056,-2.072,-0.561,3.735,pi_nb_to_pi_*_L,9.197453200000608
255,315,2,-453.748,-455.165,-455.174,222u220d,0.96,0.922,4.249,1,5.694,5.521,0.054,-0.007,0.143,0.153,n_to_pi_*_L,5.632759799999827
255,315,3,-453.74,-455.174,-455.165,22u222d0,0.83,0.688,3.867,1,5.44,5.784,-0.206,0.062,-0.263,0.34,n_to_pi_*_R,5.850450999999319
255,315,4,-453.639,-455.126,-455.132,22222ud0,-0.852,0.727,9.036,1,6.736,6.69,2.919,-1.65,-0.423,3.379,pi_nb_to_pi_*_R,8.598802399999295
255,315,5,-453.618,-455.121,-455.125,2222u20d,-0.783,0.614,7.821,1,6.894,6.868,-0.402,3.39,1.323,3.661,pi_nb_to_pi_*_L,9.170241799999703
255,330,2,-453.751,-455.169,-455.174,222u22d0,0.959,0.92,4.211,1,5.673,5.605,-0.062,0.004,-0.143,0.155,n_to_pi_*_L,5.632759800001374
255,330,3,-453.738,-455.174,-455.169,22u2220d,0.861,0.741,3.771,1,5.544,5.739,-0.166,0.058,-0.283,0.333,n_to_pi_*_R,5.986508000000743
255,330,4,-453.642,-455.128,-455.129,22222u0d,0.923,0.853,8.497,1,6.796,6.819,-3.183,2.152,0.565,3.884,pi_nb_to_pi_*_R,8.598802400000842
255,330,5,-453.617,-455.125,-455.125,2222u2d0,-0.87,0.757,7.739,1,6.875,6.924,0.637,3.327,1.809,3.84,pi_nb_to_pi_*_L,9.279087400000224
255,345,2,-453.752,-455.17,-455.171,222u22d0,0.959,0.919,4.145,1,5.687,5.722,0.057,-0.005,0.139,0.151,n_to_pi_*_L,5.632759799999827
255,345,3,-453.737,-455.171,-455.17,22u2220d,0.842,0.708,3.797,1,5.666,5.746,0.151,-0.113,0.219,0.289,n_to_pi_*_R,6.0409307999994555
255,345,4,-453.641,-455.125,-455.127,22222u0d,-0.91,0.828,8.099,1,6.918,6.928,3.206,-2.291,-0.794,4.019,pi_nb_to_pi_*_R,8.653225199999556
255,345,5,-453.618,-455.128,-455.125,2222u2d0,-0.894,0.799,7.531,1,6.842,6.984,-1.601,-2.96,-2.223,4.033,pi_nb_to_pi_*_L,9.279087400000224
270,0,2,-453.742,-455.165,-455.176,2222u2d0,-0.961,0.923,4.034,1,5.868,5.632,0.133,-0.098,-0.002,0.166,n_to_pi_*_R,5.850450999999319
270,0,3,-453.74,-455.176,-455.165,222u220d,-0.95,0.902,4.45,1,5.572,5.929,0.04,0.007,-0.211,0.214,n_to_pi_*_L,5.90487379999958
270,0,4,-453.647,-455.134,-455.136,22u2220d,-0.777,0.604,6.457,1,6.72,6.738,-2.783,-1.745,-2.21,3.959,pi_nb_to_pi_*_L,8.435534000000063
270,0,5,-453.622,-455.125,-455.127,22222ud0,0.889,0.791,7.578,1,6.964,6.983,-3.173,1.617,0.899,3.674,pi_nb_to_pi_*_R,9.115818999999444
270,15,2,-453.542,-454.977,-454.989,222u22d0,-0.93,0.864,5.033,1,5.585,5.301,-0.066,-0.036,0.176,0.192,n_to_pi_*_L,5.578337000001114
270,15,3,-453.513,-454.988,-454.977,22222u0d,-0.918,0.843,6.145,1,5.273,5.626,0.463,-1.273,-0.838,1.593,pi_nb_to_pi_*_R,6.367467600001015
270,15,5,-453.397,-454.92,-454.925,2222u2d0,-0.709,0.503,8.276,1,7.132,7.028,2.574,-0.717,-0.8,2.789,pi_nb_to_pi_*_L,9.52399000000062
270,15,6,-453.391,-454.873,-454.874,2u22220d,-0.748,0.56,6.285,1,8.399,8.429,0.582,-1.236,-0.421,1.43,n_to_pi_*_R,9.687258399999852
270,30,2,-453.537,-454.98,-455.006,222u22d0,-0.944,0.891,4.971,1,5.583,4.93,0.091,0.019,0.189,0.211,n_to_pi_*_L,5.605548400000471
270,30,3,-453.517,-455.003,-454.994,22222u0d,-0.925,0.856,4.987,1,4.96,5.239,-0.087,-1.211,-1.049,1.604,pi_nb_to_pi_*_R,6.1497763999999755
270,30,5,-453.42,-454.945,-454.943,2222u2d0,-0.805,0.647,5.153,1,6.552,6.63,-1.558,0.581,-0.113,1.667,pi_nb_to_pi_*_L,8.78928219999943
270,30,6,-453.386,-454.88,-454.88,2u22220d,-0.83,0.689,4.658,1,8.31,8.349,-0.182,-0.795,-0.351,0.888,n_to_pi_*_R,9.714469799999208
270,115,2,-453.751,-455.171,-455.179,222u22d0,-0.955,0.912,2.469,1,5.759,5.632,0.13,0.006,-0.156,0.203,n_to_pi_*_L,5.71439400000099
270,115,3,-453.739,-455.178,-455.172,22u2220d,0.895,0.801,2.465,1,5.57,5.81,-0.375,-0.008,-0.133,0.398,n_to_pi_*_R,6.040930800001003
270,115,4,-453.647,-455.137,-455.139,2222u20d,-0.893,0.798,2.95,1,6.682,6.707,-2.948,1.185,0.902,3.302,pi_nb_to_pi_*_R,8.544379600000582
270,115,6,-453.619,-455.12,-455.101,22222ud0,0.699,0.489,3.582,1,7.145,7.737,2.707,-2.195,-0.073,3.485,pi_nb_to_pi_*_L,9.30629879999958
270,130,2,-453.752,-455.172,-455.175,222u22d0,0.957,0.915,2.666,1,5.721,5.715,0.139,0.019,-0.159,0.212,n_to_pi_*_L,5.687182600000087
270,130,3,-453.737,-455.174,-455.173,22222u0d,0.915,0.838,2.648,1,5.658,5.764,-0.315,0.028,-0.135,0.344,n_to_pi_*_R,6.095353599999716
270,130,4,-453.646,-455.133,-455.138,22u2220d,-0.907,0.822,3.68,1,6.781,6.72,-2.164,0.265,0.654,2.276,pi_nb_to_pi_*_R,8.57159099999994
270,130,6,-453.62,-455.124,-455.099,2222u2d0,-0.766,0.587,2.595,1,7.015,7.772,-3.029,2.303,0.418,3.828,pi_nb_to_pi_*_L,9.279087400000224
270,145,2,-453.753,-455.173,-455.174,222u22d0,-0.957,0.916,2.873,1,5.695,5.733,0.144,0.026,-0.156,0.214,n_to_pi_*_L,5.65997120000073
270,145,3,-453.735,-455.172,-455.172,22u2220d,-0.93,0.865,2.944,1,5.741,5.795,-0.253,0.065,-0.155,0.304,n_to_pi_*_R,6.1497763999999755
270,145,4,-453.644,-455.132,-455.135,2222u20d,-0.892,0.796,3.848,1,6.821,6.784,1.74,0.335,-0.241,1.789,pi_nb_to_pi_*_R,8.626013800000198
270,145,6,-453.621,-455.128,-455.099,22222ud0,-0.82,0.672,4.13,1,6.928,7.783,3.167,-2.263,-0.654,3.947,pi_nb_to_pi_*_L,9.251876000000866
270,160,2,-453.755,-455.174,-455.175,222u22d0,-0.956,0.913,3.04,1,5.667,5.703,0.132,0.031,-0.164,0.213,n_to_pi_*_L,5.632759799999827
270,160,3,-453.736,-455.17,-455.17,22u2220d,-0.938,0.879,3.21,1,5.796,5.846,-0.207,0.111,-0.142,0.274,n_to_pi_*_R,6.1497763999999755
270,160,4,-453.643,-455.13,-455.133,2222u20d,-0.9,0.811,4.636,1,6.859,6.846,-1.349,-0.502,-0.1,1.443,pi_nb_to_pi_*_R,8.680436600000458
270,160,6,-453.621,-455.13,-455.097,22222ud0,0.872,0.76,5.986,1,6.864,7.835,3.193,-2.089,-0.829,3.904,pi_nb_to_pi_*_L,9.279087400000224
270,175,5,-453.633,-455.093,-455.128,2222u20d,0.906,0.821,9.948,1,7.867,6.971,-1.889,-3.37,-0.807,3.946,pi_nb_to_pi_*_L,8.95255060000021
270,175,7,-453.605,-455.073,-455.069,222u220d,-0.867,0.751,10.575,1,8.416,8.577,-0.843,0.205,0.409,0.959,n_to_pi_*_L,9.714469799999208
270,270,2,-453.75,-455.166,-455.177,222u22d0,0.917,0.84,4.232,1,5.613,5.412,-0.14,0.109,-0.106,0.207,n_to_pi_*_L,5.578336999999567
270,270,3,-453.745,-455.176,-455.167,22u2220d,0.683,0.467,4.512,1,5.354,5.686,0.281,0.063,0.397,0.491,n_to_pi_*_R,5.7143939999994435
270,270,4,-453.637,-455.127,-455.131,2222u20d,-0.792,0.627,9.099,1,6.678,6.668,0.38,-1.467,3.498,3.812,pi_nb_to_pi_*_R,8.653225199999556
270,270,7,-453.602,-455.108,-455.067,22222ud0,-0.752,0.566,7.576,1,7.213,8.395,-0.719,-1.073,2.786,3.071,pi_nb_to_pi_*_L,9.605624200000236
270,285,2,-453.749,-455.169,-455.181,222u22d0,-0.872,0.76,4.232,1,5.51,5.255,-0.247,-0.084,0.239,0.354,n_to_pi_*_L,5.578336999999567
270,285,3,-453.747,-455.178,-455.168,22u2220d,0.638,0.407,4.449,1,5.254,5.606,0.484,0.156,-0.175,0.538,n_to_pi_*_R,5.632759799999827
270,285,4,-453.637,-455.125,-455.129,2222u20d,0.637,0.406,9.505,1,6.715,6.678,-1.385,-0.659,1.097,1.886,pi_nb_to_pi_*_R,8.626013800000198
270,285,4,-453.637,-455.125,-455.129,22u2220d,-0.617,0.38,9.505,1,6.715,6.678,-1.385,-0.659,1.097,1.886,n_to_pi_*_R,8.626013800000198
270,285,7,-453.604,-455.11,-455.071,22222ud0,0.774,0.6,7.808,1,7.119,8.253,-2.737,1.889,0.402,3.35,pi_nb_to_pi_*_L,9.52399000000062
270,315,2,-453.75,-455.167,-455.176,222u22d0,-0.96,0.922,4.285,1,5.675,5.56,-0.051,-0.001,-0.136,0.146,n_to_pi_*_L,5.632759799999827
270,315,3,-453.74,-455.175,-455.167,22u2220d,0.864,0.747,3.686,1,5.461,5.78,-0.24,0.038,-0.247,0.346,n_to_pi_*_R,5.90487379999958
270,315,4,-453.642,-455.13,-455.136,22222u0d,0.916,0.84,8.673,1,6.69,6.625,-2.632,1.62,0.301,3.106,pi_nb_to_pi_*_R,8.57159099999994
270,315,5,-453.622,-455.123,-455.129,2222u2d0,0.769,0.591,7.959,1,6.879,6.828,-0.218,3.172,1.928,3.718,pi_nb_to_pi_*_L,9.115818999999444
270,345,2,-453.721,-455.143,-455.143,2222u20d,0.937,0.879,3.727,1,4.285,4.318,0.455,0.223,-0.447,0.676,n_to_pi_*_R,4.326612599999778
270,345,3,-453.684,-455.101,-455.101,222u22d0,-0.934,0.873,4.178,1,5.413,5.45,-0.124,-0.042,-0.131,0.185,n_to_pi_*_L,5.333434399999171
270,345,4,-453.611,-455.094,-455.093,22222u0d,0.918,0.842,8.292,1,5.615,5.681,0.512,0.755,-0.454,1.019,pi_nb_to_pi_*_R,7.319866600000148
285,0,2,-453.742,-455.175,-455.176,22u222d0,0.843,0.711,4.067,1,5.184,5.235,-0.053,-0.073,-0.436,0.445,n_to_pi_*_R,5.523914199999307
285,0,3,-453.74,-455.159,-455.16,222u220d,0.956,0.914,3.931,1,5.617,5.676,-0.015,-0.031,0.19,0.193,n_to_pi_*_L,5.578336999999567
285,0,4,-453.645,-455.132,-455.132,22222ud0,0.871,0.759,8.216,1,6.351,6.425,-1.216,0.776,1.322,1.956,pi_nb_to_pi_*_R,8.16342000000031
285,0,6,-453.606,-455.115,-455.085,2222u20d,-0.793,0.629,7.212,1,6.807,7.707,-3.301,-0.228,0.596,3.362,pi_nb_to_pi_*_L,9.224664599999963
285,115,2,-453.753,-455.173,-455.182,222u220d,0.955,0.913,2.322,1,5.74,5.583,-0.133,-0.001,0.144,0.196,n_to_pi_*_L,5.687182600000087
285,115,3,-453.742,-455.181,-455.174,22u222d0,0.893,0.798,2.31,1,5.514,5.797,-0.396,0.082,-0.107,0.418,n_to_pi_*_R,5.986507999999196
285,115,4,-453.649,-455.14,-455.143,22222ud0,0.904,0.818,2.616,1,6.643,6.643,2.635,-0.906,-0.784,2.894,pi_nb_to_pi_*_R,8.517168199999679
285,115,5,-453.639,-455.125,-455.139,2222u20d,-0.57,0.325,6.747,1,7.034,6.751,1.109,-2.786,-1.145,3.209,pi_nb_to_pi_*_L,8.78928219999943
285,115,6,-453.62,-455.114,-455.1,2222u20d,0.615,0.379,5.863,1,7.328,7.81,-2.294,1.984,0.066,3.034,pi_nb_to_pi_*_L,9.30629879999958
285,130,2,-453.754,-455.173,-455.177,222u22d0,0.955,0.912,2.472,1,5.697,5.7,0.14,0.007,-0.144,0.201,n_to_pi_*_L,5.659971199999184
285,130,3,-453.738,-455.176,-455.174,22u2220d,0.915,0.837,2.361,1,5.625,5.758,-0.332,0.109,-0.098,0.363,n_to_pi_*_R,6.095353599999716
285,130,4,-453.647,-455.134,-455.142,2222u20d,0.917,0.84,3.301,1,6.759,6.642,2.11,-0.411,-0.45,2.196,pi_nb_to_pi_*_R,8.57159099999994
285,130,6,-453.619,-455.117,-455.099,22222ud0,-0.66,0.436,4.779,1,7.237,7.8,-2.358,1.888,0.215,3.028,pi_nb_to_pi_*_L,9.333510199998937
285,145,2,-453.755,-455.175,-455.176,222u22d0,-0.955,0.912,2.7,1,5.669,5.724,-0.141,-0.014,0.145,0.203,n_to_pi_*_L,5.632759799999827
285,145,3,-453.737,-455.173,-455.173,2222u20d,-0.927,0.86,2.636,1,5.716,5.79,0.277,-0.128,0.094,0.319,n_to_pi_*_R,6.1225649999990726
285,145,4,-453.645,-455.132,-455.14,22u2220d,0.927,0.86,4.206,1,6.831,6.694,1.886,-0.39,-0.243,1.941,pi_nb_to_pi_*_R,8.626013800000198
285,145,6,-453.619,-455.12,-455.099,22222ud0,0.715,0.511,4.395,1,7.152,7.802,2.492,-1.707,-0.396,3.046,pi_nb_to_pi_*_L,9.333510199998937
285,160,2,-453.757,-455.176,-455.177,222u22d0,-0.954,0.909,2.919,1,5.639,5.677,-0.137,-0.026,0.157,0.21,n_to_pi_*_L,5.605548400000471
285,160,3,-453.738,-455.171,-455.171,22u2220d,0.927,0.86,2.942,1,5.771,5.827,-0.231,0.154,-0.058,0.283,n_to_pi_*_R,6.122565000000619
285,160,4,-453.643,-455.129,-455.135,22222u0d,-0.933,0.87,5.35,1,6.903,6.821,-1.515,0.802,0.257,1.734,pi_nb_to_pi_*_R,8.707648000001361
285,160,6,-453.619,-455.123,-455.098,2222u2d0,-0.8,0.639,5.262,1,7.063,7.821,2.777,-1.512,-0.622,3.223,pi_nb_to_pi_*_L,9.36072159999984
285,175,2,-453.757,-455.175,-455.176,222u22d0,0.953,0.908,3.132,1,5.634,5.668,0.139,0.035,-0.157,0.212,n_to_pi_*_L,5.605548400000471
285,175,3,-453.739,-455.169,-455.169,22u2220d,-0.882,0.778,3.234,1,5.8,5.848,-0.188,0.146,0.003,0.238,n_to_pi_*_R,6.095353600001262
285,175,4,-453.641,-455.127,-455.131,22222u0d,-0.875,0.765,6.102,1,6.94,6.891,0.777,-0.961,-0.174,1.248,pi_nb_to_pi_*_R,8.762070800000075
285,175,6,-453.619,-455.127,-455.094,2222u2d0,0.878,0.771,7.187,1,6.929,7.894,-3.165,1.398,0.704,3.531,pi_nb_to_pi_*_L,9.36072159999984
285,270,2,-453.75,-455.167,-455.176,222u220d,0.927,0.859,4.413,1,5.547,5.375,0.128,0.053,-0.172,0.221,n_to_pi_*_L,5.523914199999307
285,270,3,-453.743,-455.175,-455.168,22u222d0,-0.769,0.591,4.492,1,5.329,5.611,0.399,0.198,-0.078,0.452,n_to_pi_*_R,5.7143939999994435
285,270,4,-453.635,-455.123,-455.129,2222u2d0,0.847,0.717,9.72,1,6.752,6.658,1.962,-0.108,-1.322,2.368,pi_nb_to_pi_*_R,8.653225199999556
285,270,7,-453.602,-455.109,-455.068,22222u0d,0.748,0.56,8.063,1,7.115,8.33,-2.521,1.87,0.89,3.263,pi_nb_to_pi_*_L,9.551201399999975
285,285,2,-453.746,-455.163,-455.175,222u220d,0.954,0.91,4.576,1,5.657,5.443,0.059,0.009,-0.146,0.158,n_to_pi_*_L,5.605548400000471
285,285,3,-453.74,-455.174,-455.164,22u222d0,-0.857,0.735,4.326,1,5.35,5.742,-0.387,-0.094,-0.061,0.403,n_to_pi_*_R,5.768816799999703
285,285,4,-453.636,-455.125,-455.132,2222u2d0,-0.867,0.751,9.26,1,6.683,6.604,-1.582,-0.143,0.305,1.617,pi_nb_to_pi_*_R,8.598802399999295
285,285,7,-453.602,-455.109,-455.077,22222u0d,0.672,0.451,8.222,1,7.117,8.108,-2.799,1.385,1.13,3.321,pi_nb_to_pi_*_L,9.52399000000062
285,300,2,-453.752,-455.17,-455.17,2222u20d,0.95,0.903,4.397,1,5.546,5.599,0.227,0.038,0.164,0.282,n_to_pi_*_R,5.55112560000021
285,300,3,-453.743,-455.17,-455.17,222u22d0,0.929,0.863,4.402,1,5.541,5.607,0.071,0.041,0.136,0.159,n_to_pi_*_L,5.796028200000607
285,300,4,-453.638,-455.122,-455.128,22u222d0,0.794,0.63,8.2,1,6.836,6.755,1.333,-2.898,-2.084,3.81,pi_nb_to_pi_*_L,8.653225200001101
285,300,5,-453.624,-455.128,-455.123,22222u0d,0.88,0.774,9.295,1,6.697,6.875,3.166,-0.945,-0.29,3.317,pi_nb_to_pi_*_R,9.034184799999828
285,315,2,-453.751,-455.17,-455.174,2222u20d,0.953,0.908,4.265,1,5.646,5.6,0.225,0.014,0.134,0.262,n_to_pi_*_R,5.632759800001374
285,315,3,-453.746,-455.174,-455.17,222u22d0,0.913,0.833,4.433,1,5.536,5.712,0.096,0.05,0.125,0.166,n_to_pi_*_L,5.76881680000125
285,315,4,-453.64,-455.126,-455.13,22u222d0,-0.773,0.598,7.606,1,6.849,6.8,0.369,-3.095,-2.122,3.771,pi_nb_to_pi_*_L,8.653225200001101
285,315,5,-453.626,-455.129,-455.127,22222u0d,-0.883,0.78,8.733,1,6.756,6.886,-3.232,0.939,0.179,3.37,pi_nb_to_pi_*_R,9.034184800001373
285,330,2,-453.747,-455.168,-455.176,2222u2d0,-0.955,0.913,4.279,1,5.764,5.621,0.222,-0.016,0.064,0.231,n_to_pi_*_R,5.7416054000003465
285,330,3,-453.744,-455.176,-455.168,222u220d,-0.839,0.704,4.54,1,5.556,5.831,0.082,0.056,0.132,0.166,n_to_pi_*_L,5.8232395999999635
285,330,4,-453.643,-455.129,-455.132,22u2220d,-0.692,0.479,7.151,1,6.842,6.819,-0.816,-2.999,-2.0,3.696,pi_nb_to_pi_*_L,8.571591000001485
285,330,5,-453.625,-455.129,-455.129,22222ud0,0.871,0.759,8.217,1,6.839,6.9,3.336,-1.076,-0.372,3.525,pi_nb_to_pi_*_R,9.06139620000073
285,345,2,-453.743,-455.166,-455.176,2222u2d0,-0.958,0.918,4.286,1,5.856,5.653,0.194,-0.024,0.005,0.195,n_to_pi_*_R,5.8232395999999635
285,345,3,-453.74,-455.176,-455.166,222u220d,-0.95,0.902,4.596,1,5.582,5.929,-0.005,-0.055,-0.156,0.166,n_to_pi_*_L,5.90487379999958
285,345,4,-453.645,-455.132,-455.135,22u2220d,0.766,0.586,6.76,1,6.786,6.775,1.081,2.511,1.479,3.108,pi_nb_to_pi_*_L,8.489956800000321
285,345,5,-453.625,-455.12,-455.133,22222ud0,-0.713,0.508,7.653,1,7.1,6.834,3.427,-0.838,-0.382,3.548,pi_nb_to_pi_*_R,9.034184799999828
285,345,6,-453.62,-455.102,-455.088,22222ud0,-0.553,0.306,9.639,1,7.594,8.051,1.322,1.665,1.206,2.444,pi_nb_to_pi_*_R,9.170241799999703
300,0,2,-453.743,-455.168,-455.173,2222u2d0,0.952,0.906,3.933,1,5.747,5.671,-0.104,0.064,-0.06,0.136,n_to_pi_*_R,5.7143939999994435
300,0,3,-453.731,-455.173,-455.168,22u2220d,-0.942,0.887,4.258,1,5.612,5.806,-0.061,-0.115,-0.176,0.219,n_to_pi_*_L,6.0409307999994555
300,0,4,-453.654,-455.14,-455.143,222u220d,0.67,0.448,4.456,1,6.521,6.495,3.122,0.814,0.702,3.302,pi_nb_to_pi_*_L,8.136208599999406
300,0,6,-453.62,-455.121,-455.096,22222ud0,-0.789,0.623,4.481,1,7.039,7.76,2.373,1.873,1.645,3.442,pi_nb_to_pi_*_R,9.061396199999184
300,115,2,-453.753,-455.177,-455.178,22u222d0,0.946,0.896,2.628,1,5.61,5.64,-0.309,0.095,0.007,0.323,n_to_pi_*_R,5.632759799999827
300,115,3,-453.74,-455.177,-455.177,222u220d,0.935,0.875,2.814,1,5.617,5.665,-0.162,0.033,0.164,0.233,n_to_pi_*_L,5.986507999999196
300,115,4,-453.653,-455.138,-455.139,2222u20d,-0.76,0.578,4.204,1,6.678,6.689,1.676,-2.828,-1.906,3.8,pi_nb_to_pi_*_L,8.3538997999989
300,115,5,-453.634,-455.136,-455.139,22222ud0,0.808,0.653,3.052,1,6.741,6.699,2.921,-0.449,-0.062,2.956,pi_nb_to_pi_*_R,8.870916399999048
300,130,2,-453.753,-455.173,-455.177,222u220d,0.953,0.908,2.359,1,5.71,5.697,0.108,-0.015,-0.122,0.164,n_to_pi_*_L,5.65997120000073
300,130,3,-453.739,-455.177,-455.174,22u222d0,-0.915,0.837,2.179,1,5.604,5.791,-0.344,0.167,-0.024,0.383,n_to_pi_*_R,6.040930800001003
300,130,4,-453.647,-455.135,-455.145,22222ud0,-0.902,0.814,3.01,1,6.739,6.565,-1.969,0.16,-0.167,1.982,pi_nb_to_pi_*_R,8.544379600000582
300,130,5,-453.643,-455.126,-455.135,2222u20d,-0.582,0.339,6.465,1,6.977,6.839,0.739,-3.358,-1.971,3.963,pi_nb_to_pi_*_L,8.653225200001101
300,145,2,-453.754,-455.174,-455.175,222u220d,0.952,0.906,2.598,1,5.681,5.754,-0.107,0.004,0.121,0.162,n_to_pi_*_L,5.659971199999184
300,145,3,-453.737,-455.173,-455.173,22u222d0,-0.921,0.848,2.402,1,5.704,5.802,-0.286,0.168,-0.012,0.332,n_to_pi_*_R,6.1225649999990726
300,145,4,-453.644,-455.131,-455.144,22222ud0,-0.926,0.857,4.288,1,6.843,6.595,-1.85,1.359,0.385,2.328,pi_nb_to_pi_*_R,8.653225199999556
300,145,7,-453.605,-455.105,-455.08,2222u20d,0.563,0.317,6.14,1,7.553,8.338,-2.47,0.745,0.888,2.728,pi_nb_to_pi_*_L,9.714469799999208
300,160,2,-453.756,-455.175,-455.176,2222u2d0,0.951,0.904,2.864,1,5.645,5.726,0.12,0.018,-0.127,0.176,n_to_pi_*_L,5.605548400000471
300,160,3,-453.738,-455.171,-455.171,22u2220d,-0.873,0.763,2.773,1,5.768,5.864,-0.241,0.157,0.015,0.288,n_to_pi_*_R,6.095353599999716
300,160,4,-453.643,-455.13,-455.14,22222u0d,-0.805,0.648,4.367,1,6.864,6.69,1.279,-2.135,-0.69,2.582,pi_nb_to_pi_*_R,8.680436600000458
300,175,2,-453.757,-455.174,-455.175,222u22d0,0.951,0.904,3.123,1,5.615,5.697,0.133,0.041,-0.138,0.196,n_to_pi_*_L,5.578336999999567
300,175,3,-453.74,-455.168,-455.168,2222u20d,-0.611,0.373,3.12,1,5.792,5.884,0.187,-0.162,-0.049,0.252,pi_nb_to_pi_*_R,6.0409307999994555
300,175,3,-453.74,-455.168,-455.168,22u2220d,0.672,0.451,3.12,1,5.792,5.884,0.187,-0.162,-0.049,0.252,n_to_pi_*_R,6.0409307999994555
300,175,4,-453.641,-455.128,-455.136,2222u20d,0.701,0.491,5.053,1,6.882,6.758,0.806,-1.898,-0.525,2.128,pi_nb_to_pi_*_R,8.734859399999172
300,175,6,-453.616,-455.112,-455.099,22222ud0,0.657,0.432,5.954,1,7.3,7.763,2.492,-0.49,-0.252,2.552,pi_nb_to_pi_*_L,9.415144400000099
300,270,2,-453.745,-455.163,-455.174,222u22d0,-0.948,0.899,4.678,1,5.568,5.365,0.097,0.035,-0.144,0.177,n_to_pi_*_L,5.55112560000021
300,270,3,-453.738,-455.173,-455.164,22u2220d,0.857,0.734,4.356,1,5.294,5.63,-0.355,-0.13,-0.048,0.381,n_to_pi_*_R,5.7416054000003465
300,270,5,-453.623,-455.108,-455.124,22222u0d,0.599,0.359,9.369,1,7.066,6.724,2.129,-1.541,-2.459,3.599,pi_nb_to_pi_*_R,8.870916400000594
300,285,2,-453.744,-455.162,-455.174,222u22d0,0.96,0.921,4.381,1,5.66,5.44,-0.031,-0.017,-0.122,0.127,n_to_pi_*_L,5.632759799999827
300,285,3,-453.736,-455.174,-455.162,22u2220d,-0.901,0.812,3.608,1,5.347,5.755,-0.31,-0.021,-0.202,0.37,n_to_pi_*_R,5.8504510000008665
300,285,4,-453.639,-455.129,-455.131,22222u0d,-0.857,0.734,8.405,1,6.567,6.621,1.474,-0.342,0.548,1.609,pi_nb_to_pi_*_R,8.489956800000321
300,285,5,-453.628,-455.115,-455.13,2222u2d0,0.584,0.342,9.328,1,6.933,6.642,-1.474,2.191,2.454,3.605,pi_nb_to_pi_*_L,8.789282200000978
300,285,7,-453.596,-455.106,-455.084,2222u2d0,0.676,0.457,8.478,1,7.186,7.901,3.083,-0.912,-1.112,3.402,pi_nb_to_pi_*_L,9.660047000000496
300,300,2,-453.752,-455.169,-455.171,2222u20d,0.947,0.896,4.163,1,5.581,5.613,0.231,0.018,0.152,0.277,n_to_pi_*_R,5.578336999999567
300,300,3,-453.749,-455.17,-455.169,222u22d0,-0.908,0.825,4.272,1,5.533,5.662,0.1,0.043,0.12,0.162,n_to_pi_*_L,5.659971199999184
300,300,4,-453.636,-455.122,-455.129,22u222d0,0.794,0.631,7.633,1,6.854,6.748,-0.874,2.607,2.567,3.762,pi_nb_to_pi_*_L,8.734859399999172
300,300,5,-453.625,-455.128,-455.123,22222u0d,0.855,0.731,8.579,1,6.693,6.894,-3.053,0.921,-0.149,3.193,pi_nb_to_pi_*_R,9.034184799999828
300,315,2,-453.75,-455.168,-455.174,2222u2d0,0.947,0.897,4.147,1,5.7,5.633,-0.243,-0.011,-0.091,0.26,n_to_pi_*_R,5.687182600000087
300,315,3,-453.748,-455.174,-455.168,22u2220d,0.925,0.856,4.358,1,5.553,5.783,0.091,0.044,0.113,0.152,n_to_pi_*_L,5.7416054000003465
300,315,4,-453.64,-455.125,-455.131,222u220d,0.788,0.621,7.088,1,6.868,6.79,0.165,2.712,2.422,3.64,pi_nb_to_pi_*_L,8.680436600000458
300,315,5,-453.626,-455.129,-455.127,22222ud0,-0.846,0.716,8.15,1,6.776,6.907,-3.173,0.996,0.006,3.326,pi_nb_to_pi_*_R,9.06139620000073
300,330,2,-453.745,-455.166,-455.175,2222u2d0,-0.944,0.891,4.201,1,5.8,5.642,0.229,-0.004,0.017,0.23,n_to_pi_*_R,5.796028200000607
300,330,3,-453.744,-455.175,-455.166,22u2220d,-0.933,0.871,4.48,1,5.572,5.884,0.036,0.041,0.134,0.145,n_to_pi_*_L,5.8232395999999635
300,330,4,-453.643,-455.129,-455.135,222u220d,0.772,0.597,6.718,1,6.828,6.725,0.712,2.291,1.765,2.978,pi_nb_to_pi_*_L,8.571591000001485
300,330,5,-453.627,-455.121,-455.13,22222ud0,-0.677,0.458,7.653,1,7.031,6.866,3.221,-1.081,-0.336,3.414,pi_nb_to_pi_*_R,9.00697340000047
300,330,6,-453.621,-455.105,-455.09,22222ud0,0.587,0.344,8.736,1,7.483,7.945,-1.393,-1.501,-1.385,2.472,pi_nb_to_pi_*_R,9.17024180000125
300,345,2,-453.74,-455.164,-455.174,2222u2d0,-0.954,0.911,4.178,1,5.877,5.652,-0.181,0.008,0.023,0.183,n_to_pi_*_R,5.850450999999319
300,345,3,-453.74,-455.174,-455.163,222u220d,-0.924,0.853,4.533,1,5.587,5.95,-0.049,0.024,0.165,0.174,n_to_pi_*_L,5.850450999999319
300,345,4,-453.646,-455.132,-455.136,22u2220d,0.691,0.477,6.325,1,6.729,6.703,0.207,1.452,1.039,1.797,pi_nb_to_pi_*_L,8.40832259999916
300,345,6,-453.621,-455.122,-455.091,22222ud0,0.795,0.632,6.828,1,7.006,7.91,2.463,2.331,1.763,3.821,pi_nb_to_pi_*_R,9.088607600000087
315,0,2,-453.735,-455.163,-455.168,222u22d0,-0.955,0.912,4.143,1,5.812,5.741,-0.183,0.05,-0.03,0.193,n_to_pi_*_R,5.79602819999906
315,0,3,-453.722,-455.168,-455.164,22u2220d,-0.941,0.885,4.214,1,5.68,5.86,-0.132,-0.157,-0.153,0.256,n_to_pi_*_L,6.1497763999999755
315,0,4,-453.65,-455.134,-455.142,2222u20d,0.613,0.376,4.114,1,6.592,6.456,2.349,-0.389,-0.088,2.382,pi_nb_to_pi_*_L,8.108997200000049
315,0,5,-453.631,-455.103,-455.126,2222u20d,0.577,0.333,6.665,1,7.444,6.893,1.952,-0.782,-0.593,2.185,pi_nb_to_pi_*_L,8.626013800000198
315,0,6,-453.618,-455.126,-455.099,22222ud0,0.845,0.715,5.148,1,6.822,7.635,4.287,1.632,1.235,4.751,pi_nb_to_pi_*_R,8.979761999999567
315,115,2,-453.383,-454.794,-454.807,222u22d0,0.951,0.904,2.695,1,5.83,5.55,-0.061,0.14,0.064,0.165,n_to_pi_*_L,5.687182600000087
315,115,3,-453.376,-454.807,-454.794,2222u20d,0.89,0.792,3.312,1,5.472,5.903,0.324,-0.163,-0.179,0.404,n_to_pi_*_R,5.877662400000223
315,115,4,-453.28,-454.763,-454.77,u222220d,-0.807,0.651,3.86,1,6.662,6.553,-1.997,-0.262,-0.807,2.17,pi_nb_to_pi_*_R,8.489956800000321
315,115,5,-453.274,-454.759,-454.764,22u222d0,-0.642,0.412,6.204,1,6.767,6.733,-1.347,2.781,2.309,3.858,pi_nb_to_pi_*_L,8.653225199999556
315,115,7,-453.236,-454.731,-454.706,22u222d0,-0.565,0.32,7.122,1,7.533,8.299,-2.747,0.89,1.276,3.157,pi_nb_to_pi_*_L,9.687258399999852
315,130,2,-453.75,-455.17,-455.174,2222u2d0,0.93,0.866,2.488,1,5.724,5.693,-0.258,0.113,0.063,0.289,n_to_pi_*_R,5.7143939999994435
315,130,3,-453.747,-455.173,-455.17,22222u0d,0.916,0.839,2.687,1,5.626,5.793,-0.062,0.056,0.124,0.149,n_to_pi_*_L,5.79602819999906
315,130,4,-453.643,-455.13,-455.134,22u2220d,-0.797,0.635,5.314,1,6.813,6.787,-0.218,2.789,2.317,3.633,pi_nb_to_pi_*_L,8.626013800000198
315,130,5,-453.632,-455.13,-455.13,222u22d0,-0.767,0.588,4.69,1,6.804,6.871,3.207,-0.949,-0.114,3.347,pi_nb_to_pi_*_R,8.925339199999307
315,145,2,-453.752,-455.174,-455.174,222u22d0,0.904,0.818,2.662,1,5.595,5.678,0.078,-0.036,-0.109,0.138,n_to_pi_*_L,5.687182600000087
315,145,3,-453.749,-455.166,-455.166,2222u20d,-0.93,0.865,2.436,1,5.809,5.895,-0.221,0.119,0.058,0.258,n_to_pi_*_R,5.768816799999703
315,145,4,-453.64,-455.128,-455.132,22u222d0,-0.789,0.623,5.846,1,6.835,6.825,-0.023,-3.192,-2.072,3.805,pi_nb_to_pi_*_L,8.734859400000719
315,145,5,-453.63,-455.129,-455.128,22222u0d,0.77,0.593,5.247,1,6.808,6.918,-3.221,0.701,0.05,3.297,pi_nb_to_pi_*_R,9.00697340000047
315,160,2,-453.754,-455.172,-455.173,222u22d0,-0.946,0.895,2.861,1,5.635,5.709,-0.098,-0.015,0.103,0.143,n_to_pi_*_L,5.6055483999989235
315,160,3,-453.738,-455.168,-455.168,2222u20d,-0.711,0.505,2.738,1,5.745,5.84,-0.237,0.174,0.055,0.299,n_to_pi_*_R,6.0409307999994555
315,160,3,-453.738,-455.168,-455.168,22u2220d,-0.571,0.326,2.738,1,5.745,5.84,-0.237,0.174,0.055,0.299,pi_nb_to_pi_*_R,6.0409307999994555
315,160,4,-453.644,-455.129,-455.138,22u2220d,-0.672,0.451,3.649,1,6.792,6.644,0.874,-2.7,-0.944,2.991,pi_nb_to_pi_*_R,8.598802399999295
315,160,7,-453.601,-455.11,-455.078,22222ud0,-0.673,0.453,5.051,1,7.311,8.296,-2.874,0.311,0.696,2.973,pi_nb_to_pi_*_L,9.768892599999468
315,175,2,-453.755,-455.171,-455.172,222u22d0,-0.949,0.9,3.152,1,5.577,5.673,-0.118,-0.055,0.124,0.18,n_to_pi_*_L,5.523914200000854
315,175,3,-453.74,-455.165,-455.165,2222u20d,0.858,0.737,3.126,1,5.749,5.858,0.183,-0.181,-0.06,0.264,pi_nb_to_pi_*_R,5.932085200000483
315,175,4,-453.641,-455.126,-455.135,22u2220d,0.815,0.664,4.645,1,6.795,6.663,-0.782,2.043,0.556,2.257,n_to_pi_*_R,8.626013800000198
315,175,7,-453.605,-455.112,-455.075,22222ud0,-0.69,0.476,5.274,1,7.188,8.309,-2.88,0.465,0.764,3.016,pi_nb_to_pi_*_L,9.605624200000236
315,270,2,-453.739,-455.158,-455.17,222u22d0,0.959,0.92,4.343,1,5.645,5.399,0.033,0.022,0.13,0.136,n_to_pi_*_L,5.605548400000471
315,270,3,-453.73,-455.17,-455.158,22u2220d,0.925,0.855,3.44,1,5.317,5.729,-0.291,0.043,-0.248,0.385,n_to_pi_*_R,5.850450999999319
315,270,4,-453.636,-455.126,-455.128,2222u20d,0.818,0.669,7.796,1,6.518,6.539,-0.967,0.087,-1.214,1.554,pi_nb_to_pi_*_R,8.40832259999916
315,270,7,-453.592,-455.105,-455.084,22222ud0,-0.73,0.533,8.304,1,7.095,7.737,-3.339,0.643,1.172,3.597,pi_nb_to_pi_*_L,9.605624200000236
315,285,2,-453.75,-455.165,-455.165,2222u20d,-0.942,0.887,4.023,1,5.541,5.631,-0.223,0.01,-0.168,0.279,n_to_pi_*_R,5.55112560000021
315,285,3,-453.748,-455.165,-455.165,222u22d0,-0.882,0.778,4.108,1,5.538,5.638,0.098,0.043,0.137,0.174,pi_nb_to_pi_*_L,5.605548400000471
315,285,4,-453.63,-455.118,-455.126,22u222d0,-0.832,0.691,7.82,1,6.84,6.697,1.404,-2.029,-3.022,3.901,n_to_pi_*_L,8.816493600000335
315,285,5,-453.622,-455.126,-455.118,22222u0d,-0.817,0.667,8.168,1,6.614,6.918,3.015,-0.906,0.644,3.214,pi_nb_to_pi_*_R,9.034184799999828
315,300,2,-453.75,-455.167,-455.169,2222u20d,-0.944,0.89,4.001,1,5.631,5.662,-0.239,-0.009,-0.12,0.268,n_to_pi_*_R,5.632759799999827
315,300,3,-453.749,-455.169,-455.167,22u222d0,0.916,0.839,4.152,1,5.566,5.727,-0.103,-0.041,-0.122,0.164,n_to_pi_*_L,5.659971199999184
315,300,4,-453.635,-455.121,-455.129,222u22d0,0.82,0.672,7.161,1,6.869,6.744,-0.358,2.23,2.9,3.676,pi_nb_to_pi_*_L,8.762070800000075
315,300,5,-453.624,-455.127,-455.123,22222u0d,0.826,0.683,7.912,1,6.715,6.915,-3.145,1.021,-0.398,3.33,pi_nb_to_pi_*_R,9.061396199999184
315,315,2,-453.747,-455.166,-455.172,2222u20d,0.943,0.89,4.053,1,5.73,5.666,0.246,0.017,0.048,0.251,n_to_pi_*_R,5.7143939999994435
315,315,3,-453.746,-455.171,-455.166,22222ud0,0.935,0.874,4.304,1,5.582,5.815,0.056,0.03,0.119,0.135,n_to_pi_*_L,5.7416054000003465
315,315,4,-453.639,-455.124,-455.133,222u22d0,0.796,0.634,6.659,1,6.866,6.728,-0.219,-2.312,-2.449,3.375,pi_nb_to_pi_*_L,8.653225199999556
315,315,5,-453.626,-455.126,-455.126,22u2220d,-0.756,0.572,7.434,1,6.806,6.903,-3.247,1.007,-0.076,3.4,pi_nb_to_pi_*_R,9.00697340000047
315,330,2,-453.742,-455.163,-455.172,22222ud0,0.951,0.905,4.067,1,5.81,5.642,-0.216,-0.008,0.019,0.217,pi_nb_to_pi_*_R,5.768816799999703
315,330,4,-453.642,-455.126,-455.134,222u220d,-0.647,0.419,6.226,1,6.814,6.668,-0.649,-2.068,-1.883,2.871,pi_nb_to_pi_*_L,8.489956800000321
315,330,5,-453.625,-455.121,-455.128,2222u20d,-0.582,0.339,6.868,1,6.973,6.839,-3.063,1.056,0.366,3.261,n_to_pi_*_L,8.95255060000021
315,330,6,-453.62,-455.108,-455.092,2222u20d,-0.595,0.354,7.176,1,7.314,7.81,2.342,1.375,1.393,3.052,n_to_pi_*_L,9.088607600000087
315,345,2,-453.74,-455.166,-455.17,22u222d0,-0.952,0.905,3.987,1,5.714,5.672,0.21,-0.015,0.095,0.231,n_to_pi_*_R,5.7143939999994435
315,345,3,-453.728,-455.17,-455.167,2222u20d,-0.924,0.854,4.12,1,5.619,5.752,-0.117,-0.119,-0.181,0.246,n_to_pi_*_L,6.0409307999994555
315,345,4,-453.647,-455.133,-455.137,222u220d,0.668,0.446,4.45,1,6.613,6.575,3.727,0.735,0.934,3.912,pi_nb_to_pi_*_L,8.245054199999926
315,345,5,-453.625,-455.113,-455.13,222u220d,0.583,0.34,4.519,1,7.158,6.759,2.391,-1.171,-0.576,2.724,pi_nb_to_pi_*_L,8.84370499999969
315,345,6,-453.619,-455.119,-455.096,22222ud0,0.756,0.571,4.536,1,6.984,7.665,-1.687,-2.005,-1.646,3.095,pi_nb_to_pi_*_R,9.006973399998923
330,0,2,-453.727,-455.156,-455.162,222u22d0,0.959,0.92,4.281,1,5.925,5.878,0.175,-0.031,-0.054,0.186,n_to_pi_*_R,5.877662400000223
330,0,3,-453.714,-455.162,-455.156,22u2220d,0.942,0.887,4.217,1,5.775,6.026,0.086,0.131,0.186,0.243,n_to_pi_*_L,6.231410599999592
330,0,4,-453.641,-455.125,-455.138,2222u20d,-0.635,0.403,3.643,1,6.765,6.518,-1.098,0.809,0.164,1.374,pi_nb_to_pi_*_L,8.217842799999023
330,0,6,-453.615,-455.115,-455.098,22222ud0,-0.58,0.336,2.721,1,7.052,7.604,4.116,0.93,1.132,4.369,pi_nb_to_pi_*_R,8.925339199999307
330,0,7,-453.612,-455.113,-455.089,22222ud0,0.606,0.367,4.255,1,7.099,7.856,-2.713,-1.631,-0.939,3.302,pi_nb_to_pi_*_R,9.006973399998923
330,270,2,-453.747,-455.162,-455.162,2222u20d,0.945,0.892,3.717,1,5.532,5.643,0.205,-0.05,0.181,0.278,n_to_pi_*_R,5.523914199999307
330,270,3,-453.746,-455.161,-455.162,22u222d0,-0.86,0.74,3.765,1,5.537,5.648,-0.075,-0.032,-0.159,0.179,n_to_pi_*_L,5.55112560000021
330,270,4,-453.625,-455.12,-455.126,222u22d0,0.83,0.689,7.841,1,6.669,6.629,-2.295,1.409,3.195,4.179,pi_nb_to_pi_*_L,8.84370499999969
330,270,5,-453.618,-455.127,-455.118,22222u0d,0.775,0.601,7.433,1,6.485,6.846,2.795,-0.91,1.569,3.332,pi_nb_to_pi_*_R,9.034184799999828
330,285,2,-453.748,-455.164,-455.165,222u220d,0.944,0.891,3.811,1,5.585,5.679,0.232,-0.017,0.145,0.274,n_to_pi_*_R,5.578336999999567
330,285,3,-453.747,-455.164,-455.164,2222u2d0,0.906,0.821,3.89,1,5.598,5.694,-0.085,-0.034,-0.141,0.168,n_to_pi_*_L,5.6055483999989235
330,285,4,-453.63,-455.119,-455.126,22u222d0,-0.875,0.766,7.638,1,6.812,6.725,-1.114,1.735,3.357,3.939,pi_nb_to_pi_*_L,8.78928219999943
330,285,5,-453.621,-455.127,-455.118,22222u0d,-0.828,0.685,7.64,1,6.606,6.941,-3.291,1.14,-0.958,3.612,pi_nb_to_pi_*_R,9.034184799999828
330,300,2,-453.747,-455.165,-455.167,22222u0d,-0.943,0.889,3.904,1,5.649,5.696,-0.245,-0.01,-0.082,0.258,n_to_pi_*_R,5.659971199999184
330,300,3,-453.745,-455.167,-455.166,22u222d0,0.932,0.869,4.077,1,5.614,5.73,-0.071,-0.027,-0.129,0.15,n_to_pi_*_L,5.7143939999994435
330,300,4,-453.633,-455.12,-455.128,222u22d0,-0.857,0.734,7.013,1,6.875,6.741,0.285,-2.016,-3.135,3.738,pi_nb_to_pi_*_L,8.762070800000075
330,300,5,-453.623,-455.129,-455.121,2222u20d,0.831,0.691,7.713,1,6.649,6.947,3.451,-1.106,0.545,3.664,pi_nb_to_pi_*_R,9.034184799999828
330,315,6,-453.616,-455.086,-455.082,22222ud0,-0.777,0.604,8.757,1,7.819,7.995,1.974,0.224,0.589,2.072,pi_nb_to_pi_*_R,9.170241799999703
330,315,7,-453.609,-455.066,-455.066,222u22d0,0.854,0.73,8.622,1,8.367,8.446,0.589,-0.626,-0.151,0.872,n_to_pi_*_R,9.36072159999984
330,330,2,-453.741,-455.166,-455.167,222u22d0,-0.951,0.905,3.959,1,5.621,5.654,0.255,-0.025,0.098,0.275,n_to_pi_*_R,5.605548400000471
330,330,3,-453.724,-455.165,-455.165,22u2220d,-0.907,0.822,3.906,1,5.64,5.704,0.128,0.123,0.195,0.264,n_to_pi_*_L,6.068142200000359
330,330,4,-453.64,-455.129,-455.135,2222u20d,0.736,0.542,4.246,1,6.623,6.522,-3.641,-0.854,-1.484,4.024,pi_nb_to_pi_*_L,8.353899800000447
330,330,6,-453.619,-455.114,-455.094,22222ud0,-0.669,0.448,4.721,1,7.028,7.651,1.4,1.554,1.804,2.762,pi_nb_to_pi_*_R,8.925339199999307
330,345,2,-453.733,-455.161,-455.163,222u22d0,0.957,0.915,4.183,1,5.769,5.767,-0.228,0.05,-0.024,0.235,n_to_pi_*_R,5.7416054000003465
330,345,3,-453.717,-455.163,-455.162,22u2220d,0.937,0.879,4.053,1,5.718,5.811,-0.143,-0.151,-0.177,0.273,n_to_pi_*_L,6.176987800000878
330,345,4,-453.641,-455.128,-455.138,2222u20d,0.69,0.476,3.429,1,6.669,6.468,1.737,-0.726,-0.221,1.896,pi_nb_to_pi_*_L,8.245054199999926
330,345,6,-453.617,-455.128,-455.094,22222ud0,-0.851,0.724,5.678,1,6.674,7.659,4.443,1.704,1.606,5.022,pi_nb_to_pi_*_R,8.898127799999951
345,0,4,-453.636,-455.095,-455.131,22222u0d,0.92,0.847,9.054,1,7.466,6.558,-2.303,0.288,0.047,2.322,pi_nb_to_pi_*_R,8.163419999998762
345,0,6,-453.611,-455.077,-455.091,2222u20d,-0.87,0.756,10.235,1,7.956,7.629,-1.483,-0.043,-0.219,1.5,n_to_pi_*_R,8.84370499999969
345,270,2,-453.747,-455.163,-455.163,2222u20d,-0.944,0.891,3.542,1,5.571,5.685,-0.23,0.051,-0.161,0.286,n_to_pi_*_R,5.55112560000021
345,270,3,-453.744,-455.161,-455.161,22u222d0,-0.902,0.814,3.543,1,5.631,5.752,-0.04,-0.011,-0.15,0.156,n_to_pi_*_L,5.632759799999827
345,270,4,-453.628,-455.117,-455.125,222u22d0,0.849,0.72,7.117,1,6.817,6.728,0.887,-0.559,-3.597,3.747,pi_nb_to_pi_*_L,8.789282200000978
345,270,5,-453.619,-455.123,-455.118,22222u0d,0.825,0.68,6.543,1,6.668,6.927,-3.283,1.339,-0.986,3.68,pi_nb_to_pi_*_R,9.034184799999828
345,285,2,-453.747,-455.165,-455.165,222u220d,-0.943,0.889,3.736,1,5.587,5.666,-0.251,0.014,-0.113,0.275,n_to_pi_*_R,5.6055483999989235
345,285,3,-453.743,-455.162,-455.162,22u222d0,-0.929,0.863,3.794,1,5.659,5.745,-0.046,-0.018,-0.149,0.157,n_to_pi_*_L,5.7143939999994435
345,285,4,-453.629,-455.118,-455.126,2222u2d0,-0.893,0.797,7.274,1,6.872,6.727,0.28,-1.111,-3.573,3.752,pi_nb_to_pi_*_L,8.816493599998788
345,285,5,-453.621,-455.127,-455.117,22222u0d,0.864,0.746,7.292,1,6.627,6.991,-3.666,1.33,-0.674,3.957,pi_nb_to_pi_*_R,9.034184799999828
345,300,2,-453.745,-455.165,-455.165,222u220d,-0.945,0.893,3.79,1,5.608,5.665,-0.259,-0.009,-0.056,0.265,n_to_pi_*_R,5.632759799999827
345,300,3,-453.739,-455.164,-455.164,2222u2d0,0.904,0.818,3.952,1,5.639,5.701,-0.031,-0.014,-0.152,0.155,n_to_pi_*_L,5.796028200000607
345,300,4,-453.63,-455.117,-455.127,22u222d0,0.86,0.74,6.744,1,6.914,6.701,1.459,1.212,3.298,3.805,pi_nb_to_pi_*_L,8.762070800000075
345,300,5,-453.623,-455.128,-455.116,22222u0d,-0.895,0.801,7.606,1,6.61,7.006,3.685,-1.392,-0.324,3.952,pi_nb_to_pi_*_R,8.95255060000021
345,315,2,-453.742,-455.168,-455.169,222u22d0,0.949,0.9,3.912,1,5.511,5.546,-0.294,0.041,-0.09,0.31,n_to_pi_*_R,5.523914199999307
345,315,3,-453.722,-455.162,-455.162,22u2220d,-0.894,0.8,3.653,1,5.665,5.724,-0.117,-0.119,-0.209,0.267,n_to_pi_*_L,6.068142200000359
345,315,4,-453.636,-455.129,-455.136,2222u20d,0.793,0.629,4.838,1,6.549,6.436,3.292,0.925,2.281,4.111,pi_nb_to_pi_*_L,8.40832259999916
345,315,5,-453.624,-455.124,-455.125,22222ud0,-0.69,0.476,3.878,1,6.691,6.721,-2.905,1.102,0.997,3.263,pi_nb_to_pi_*_R,8.734859399999172
345,330,2,-453.734,-455.162,-455.163,222u22d0,-0.955,0.913,4.167,1,5.674,5.719,-0.256,0.059,-0.013,0.263,n_to_pi_*_R,5.65997120000073
345,330,3,-453.715,-455.159,-455.16,22u2220d,0.935,0.874,3.835,1,5.754,5.803,-0.119,-0.127,-0.199,0.264,n_to_pi_*_L,6.176987800000878
345,330,4,-453.636,-455.132,-455.136,2u22220d,-0.817,0.667,4.378,1,6.503,6.456,-0.231,0.35,0.043,0.422,pi_nb_to_pi_*_L,8.326688399999542
345,330,6,-453.618,-455.129,-455.084,22222ud0,-0.823,0.677,5.372,1,6.579,7.855,-4.517,-1.36,-2.07,5.152,pi_nb_to_pi_*_R,8.816493600000335
345,345,2,-453.729,-455.158,-455.159,222u22d0,0.956,0.915,4.326,1,5.828,5.883,0.146,-0.069,-0.078,0.179,n_to_pi_*_R,5.796028200000607
345,345,3,-453.712,-455.158,-455.157,22u2220d,0.941,0.885,4.097,1,5.834,5.913,-0.064,-0.089,-0.204,0.232,n_to_pi_*_L,6.2586220000004955
345,345,4,-453.635,-455.131,-455.133,2222u20d,-0.84,0.706,4.525,1,6.55,6.578,0.854,0.755,0.146,1.149,pi_nb_to_pi_*_L,8.353899800000447
345,345,6,-453.614,-455.121,-455.085,22222ud0,-0.765,0.585,2.966,1,6.837,7.886,4.465,1.238,1.471,4.861,pi_nb_to_pi_*_R,8.925339200000854
